ray,radius_kpc,ref_accel_mag,ref_selfconv_rel_l2,galax-50_rel_l2,galax-50_angle_deg,galax-100_rel_l2,galax-100_angle_deg,galax-200_rel_l2,galax-200_angle_deg,galax-500_rel_l2,galax-500_angle_deg,galpy-50_rel_l2,galpy-50_angle_deg
x-axis,0.001,0.023965361303347463,1.8313307855732128e-13,1.574133767893709e-11,0.0,1.5739745217384416e-11,0.0,1.574770752514778e-11,0.0,1.5729756140372196e-11,0.0,7.108169294202467e-14,0.0
x-axis,0.001211527658628589,0.029033170203505237,1.8175861529869654e-13,1.5741538878820743e-11,0.0,1.5739985386382294e-11,0.0,1.574835034566626e-11,0.0,1.573018643407822e-11,0.0,7.181915042375837e-14,0.0
x-axis,0.0014677992676220691,0.03517177197407703,1.8347586625401694e-13,1.574222932459754e-11,0.0,1.5740651037576e-11,0.0,1.5748739758561395e-11,0.0,1.573058945781368e-11,0.0,7.220663123546507e-14,0.0
x-axis,0.0017782794100389228,0.042606744004556676,1.848450231280515e-13,1.5740815877003404e-11,0.0,1.5739024427440047e-11,0.0,1.5747167380000757e-11,0.0,1.5729090025315984e-11,0.0,7.068082822695082e-14,0.0
x-axis,0.0021544346900318843,0.0516106602786163,1.8526784482050312e-13,1.5740775570318492e-11,0.0,1.5739162207373756e-11,0.0,1.5747363469009498e-11,0.0,1.5729347582793278e-11,0.0,7.112241648045306e-14,0.0
x-axis,0.0026101572156825357,0.06251247360395802,1.8292824606628566e-13,1.5740265173051163e-11,0.0,1.573848917066217e-11,0.0,1.5746703181711263e-11,0.0,1.5728721157522707e-11,0.0,6.993009406661472e-14,0.0
x-axis,0.0031622776601683794,0.07570844901058002,1.8000616582921775e-13,1.5742474060673965e-11,0.0,1.5741007615331158e-11,0.0,1.5749073064716584e-11,0.0,1.5730742497931527e-11,0.0,7.222243313312074e-14,0.0
x-axis,0.003831186849557285,0.09167464152539505,1.8317086348028734e-13,1.5742097597783942e-11,0.0,1.5740432408115937e-11,0.0,1.5748606975577044e-11,0.0,1.5730441270107922e-11,0.0,7.190591748194415e-14,0.0
x-axis,0.004641588833612777,0.11098065333522383,1.8206830146458533e-13,1.5741780402799744e-11,0.0,1.5740279839875584e-11,0.0,1.574815779522742e-11,0.0,1.573015104013751e-11,0.0,7.152683271824297e-14,0.0
x-axis,0.005623413251903491,0.13430389894114278,1.8785618610862992e-13,1.5739413788818418e-11,0.0,1.5737967151521653e-11,0.0,1.574602698788935e-11,0.0,1.5727840690444288e-11,0.0,6.923192777382051e-14,0.0
x-axis,0.006812920690579608,0.16244265904827815,1.841912136192627e-13,1.5741001619565234e-11,0.0,1.573929298121997e-11,0.0,1.5747494445277232e-11,0.0,1.5729553742651973e-11,0.0,7.142108283197216e-14,0.0
x-axis,0.008254041852680182,0.19632448672096386,1.808199364495895e-13,1.574038253674088e-11,0.0,1.5738827400461797e-11,0.0,1.574688583390795e-11,0.0,1.5729072454711194e-11,0.0,7.026388460943099e-14,0.0
x-axis,0.01,0.23700350328784672,1.816382339612451e-13,1.5740692062218843e-11,0.0,1.573928673739129e-11,0.0,1.5747367355149724e-11,0.0,1.572933235319612e-11,0.0,7.06175725845588e-14,0.0
x-axis,0.012115276586285882,0.2856349421878204,1.7996161690307146e-13,1.5740811189057123e-11,0.0,1.5739062102067784e-11,0.0,1.5747613194015664e-11,0.0,1.5729539295125828e-11,0.0,7.074085156882268e-14,0.0
x-axis,0.01467799267622069,0.3434067581271586,1.7716664075352745e-13,1.573970420636316e-11,0.0,1.5738411019204377e-11,0.0,1.5746331790551933e-11,0.0,1.5728873763908336e-11,0.0,6.999375496924359e-14,0.0
x-axis,0.01778279410038923,0.4113947961992049,1.7352514213334415e-13,1.5736409526454516e-11,0.0,1.573465538427121e-11,0.0,1.5742481557089043e-11,0.0,1.5725344937298267e-11,0.0,6.598273289519441e-14,0.0
x-axis,0.021544346900318832,0.49028913348541253,1.699451044443409e-13,1.5734584313686182e-11,0.0,1.5733225658620672e-11,0.0,1.5740698261480982e-11,0.0,1.572405473692847e-11,0.0,6.476255812270455e-14,0.0
x-axis,0.026101572156825358,0.5799173752665484,1.613881648792948e-13,1.573371879293251e-11,0.0,1.5732187232648957e-11,0.0,1.573946214399583e-11,0.0,1.5723763651089418e-11,0.0,6.394264183830743e-14,0.0
x-axis,0.03162277660168379,0.6784789555616844,1.505433844752652e-13,1.572949280007774e-11,0.0,1.572818372716926e-11,0.0,1.5735056359938785e-11,0.0,1.5719838387377694e-11,0.0,5.907191499519448e-14,0.0
x-axis,0.03831186849557287,0.7814411722967812,1.3596460901123508e-13,1.5724299928462392e-11,0.0,1.5723021264427803e-11,0.0,1.5729272510819125e-11,0.0,1.5715633427783515e-11,0.0,5.427218457920466e-14,0.0
x-axis,0.046415888336127774,0.8802189962932321,1.1717506600289897e-13,1.571659448262534e-11,0.0,1.571571157039496e-11,0.0,1.57208829134586e-11,0.0,1.5709152793826446e-11,0.0,4.6415957254113966e-14,0.0
x-axis,0.05623413251903491,0.9612077802332892,9.182481901703927e-14,1.5704585116089214e-11,0.0,1.5703661092753192e-11,0.0,1.5707703694848283e-11,0.0,1.5698694467322082e-11,0.0,3.465087510077272e-14,0.0
x-axis,0.06812920690579612,1.006549797308799,5.426753147991245e-14,1.569125818766822e-11,0.0,1.5690816988225293e-11,0.0,1.5693022985439925e-11,0.0,1.5687949191846272e-11,0.0,2.1177573260454787e-14,0.0
x-axis,0.08254041852680181,0.9987871756176453,1.1560340118465483e-14,1.5673375744075853e-11,0.0,1.56735980583089e-11,0.0,1.56735980583089e-11,0.0,1.5672708801376712e-11,0.0,3.557027728758651e-15,0.0
x-axis,0.1,0.9305575940024873,3.937140489612047e-14,1.565430920127201e-11,0.0,1.565490573770983e-11,0.0,1.5652758206533678e-11,0.0,1.5656814654310854e-11,0.0,1.562925467088357e-14,0.0
x-axis,0.12115276586285877,0.8149850282405472,8.405155707861611e-14,1.564080960450648e-11,0.0,1.564121828306602e-11,0.0,1.5637540176030163e-11,0.0,1.564557752103444e-11,0.0,2.915240391381254e-14,0.0
x-axis,0.1467799267622069,0.6844204977576193,1.0089684975529058e-13,1.563252316867584e-11,0.0,1.563333423659992e-11,0.0,1.5628467829055452e-11,0.0,1.5638525071314015e-11,0.0,3.779576526202626e-14,0.0
x-axis,0.1778279410038923,0.5698598848348454,9.585333915440207e-14,1.5633056179729256e-11,0.0,1.5633640651309464e-11,0.0,1.5628964878667786e-11,0.0,1.563870607167128e-11,0.0,3.68217095532119e-14,0.0
x-axis,0.21544346900318823,0.47964778641280453,8.332787103099616e-14,1.5635896333194076e-11,0.0,1.5636590732119336e-11,0.0,1.5632540071721995e-11,0.0,1.5640988591979304e-11,0.0,3.3794081029234514e-14,0.0
x-axis,0.2610157215682536,0.4035608124118364,9.5874701453187e-14,1.563514177242024e-11,0.0,1.5635967092662306e-11,0.0,1.5631290277957272e-11,0.0,1.564050635399366e-11,0.0,3.493855691407053e-14,0.0
x-axis,0.31622776601683794,0.33138516911745164,1.1876634771490686e-13,1.5624391467434683e-11,0.0,1.562556405478871e-11,0.0,1.5619868630497728e-11,0.0,1.563176201651713e-11,0.0,4.5228369369564235e-14,0.0
x-axis,0.3831186849557285,0.26222742346137207,1.4458486374343526e-13,1.5612624993856948e-11,0.0,1.5614106829942165e-11,0.0,1.560712103125471e-11,0.0,1.5621516010368256e-11,0.0,5.71565347155518e-14,0.0
x-axis,0.46415888336127775,0.20231371226845024,1.5214457296346726e-13,1.5609155165069234e-11,0.0,1.5610664263628837e-11,0.0,1.560339315238712e-11,0.0,1.561862132876128e-11,0.0,6.036394238405357e-14,0.0
x-axis,0.5623413251903491,0.15680854377398645,1.3593826943211584e-13,1.5615908701012185e-11,0.0,1.5617147721697114e-11,0.0,1.5610598612362493e-11,0.0,1.562440484285169e-11,0.0,5.41629042268513e-14,0.0
x-axis,0.6812920690579608,0.12440529673348252,1.1690757551705505e-13,1.5623671179975905e-11,0.0,1.5625121369366862e-11,0.0,1.5619432164833113e-11,0.0,1.5631368339050977e-11,0.0,4.607140142036078e-14,0.0
x-axis,0.8254041852680182,0.10005034756253212,1.091632290225175e-13,1.5626293175043697e-11,0.0,1.5627818963505256e-11,0.0,1.562227064182686e-11,0.0,1.5633505993225617e-11,0.0,4.341561713347427e-14,0.0
x-axis,1.0,0.07963770036952514,1.2302864280178905e-13,1.5620455359016162e-11,0.0,1.5622023712819582e-11,0.0,1.5615750297605896e-11,0.0,1.562881991263441e-11,0.0,4.949027557465126e-14,0.0
x-axis,1.2115276586285877,0.061615292445735576,1.506807754196067e-13,1.561415458232429e-11,0.0,1.5616181677957737e-11,0.0,1.560863637754435e-11,0.0,1.5623839594795205e-11,0.0,5.5519897071640434e-14,0.0
x-axis,1.467799267622069,0.04649543501010892,1.649081842583408e-13,1.5610462426790826e-11,0.0,1.5612402523076215e-11,0.0,1.560434366158305e-11,0.0,1.5620759860920982e-11,0.0,5.909831761655402e-14,0.0
x-axis,1.7782794100389228,0.03518958137142417,1.4591766337583706e-13,1.562206335263379e-11,0.0,1.5618908376128366e-11,0.0,1.5611612492959577e-11,0.0,1.5626598631360336e-11,0.0,4.7719019644523534e-14,0.0
x-axis,2.154434690031882,0.027490920574699117,1.0979693604651185e-13,1.6089415842179502e-11,0.0,1.563129759177859e-11,0.0,1.5625870846663646e-11,0.0,1.5637355353767362e-11,0.0,4.2000483122155324e-13,0.0
x-axis,2.610157215682536,0.022216743890784,8.120507775058846e-14,3.4761707494469275e-11,0.0,1.5641659610872655e-11,0.0,1.5637599356985126e-11,0.0,1.564650068281548e-11,0.0,1.909225076082815e-11,0.0
x-axis,3.1622776601683795,0.01817772876410456,7.920794196819944e-14,1.3500048939050232e-10,0.0,1.5644618282527368e-11,0.0,1.56409918948228e-11,0.0,1.5649389845296535e-11,0.0,1.193308681190645e-10,0.0
x-axis,3.831186849557285,0.01461788148235687,9.99212620881857e-14,6.2583585586481e-09,0.0,1.5635304090146577e-11,0.0,1.5630557236840725e-11,0.0,1.5640762971448305e-11,0.0,6.274027921410717e-09,0.0
x-axis,4.6415888336127775,0.011275677862071237,1.4246185093298505e-13,2.782193763916382e-08,0.0,1.5620341953483563e-11,0.0,1.5614034247340743e-11,0.0,1.5627265045591536e-11,0.0,2.780626868171909e-08,0.0
x-axis,5.623413251903491,0.00830911362051446,1.7745755106057306e-13,7.577156212260091e-09,0.0,1.5606452134621957e-11,0.0,1.5598518738221603e-11,0.0,1.561438553102231e-11,0.0,7.592825714018737e-09,0.0
x-axis,6.812920690579608,0.006001233793177547,1.823975787422186e-13,4.388332253072142e-09,0.0,1.5601352327516003e-11,0.0,1.5594703921317794e-11,0.0,1.561002416168758e-11,0.0,4.404001245706197e-09,0.0
x-axis,8.254041852680182,0.0044151644110138975,1.5794628974703237e-13,3.710799701211166e-06,0.0,1.5808773418558683e-11,0.0,1.560367898261854e-11,0.0,1.56158589203851e-11,0.0,3.7108153705046522e-06,0.0
x-axis,10.0,0.0033652393823510192,1.2113848987759086e-13,3.0578736270111574e-05,0.0,1.971554696904335e-11,0.0,1.561488021595348e-11,0.0,1.5622999072189958e-11,0.0,3.057872060149226e-05,0.0
x-axis,12.115276586285876,0.0026268326735114514,9.955318686285165e-14,8.560634367350213e-05,0.0,1.2055775361543195e-10,0.0,1.561746810029416e-11,0.0,1.5622420995162957e-11,0.0,8.560635934429639e-05,0.0
x-axis,14.677992676220676,0.002048612532732871,1.0732932512463288e-13,2.8135235037656442e-05,0.0,2.604546760934377e-09,0.0,1.5612712144508776e-11,0.0,1.5616310958171732e-11,0.0,2.8135250707102825e-05,0.0
x-axis,17.78279410038923,0.0015568574046884824,1.2897407414426564e-13,0.00045750683383543055,0.0,2.5377001644289215e-08,0.0,1.5595416907133593e-11,0.0,1.5598341805143343e-11,0.0,0.00045750681817329815,0.0
x-axis,21.54434690031882,0.0011402989428014733,1.563123760500381e-13,9.342046473258045e-05,0.0,1.0924330337824539e-07,0.0,1.5577992513402824e-11,0.0,1.557951380173421e-11,0.0,9.342044906464175e-05,0.0
x-axis,26.10157215682533,0.0008171922230707741,1.5708609749114836e-13,0.0014104177215914957,0.0,5.176927044764456e-07,0.0,1.5566913843605175e-11,0.0,1.5567444539880483e-11,0.0,0.0014104177372829907,0.0
x-axis,31.622776601683793,0.000591833243636383,1.295180600598875e-13,0.0016929263691376861,0.0,3.3217255067809228e-06,0.0,1.546907285645763e-11,0.0,1.556506643986834e-11,0.0,0.0016929263848335528,0.0
x-axis,38.31186849557285,0.0004410336931599696,1.0005364466373979e-13,0.0005923542610251195,0.0,1.5653786802230275e-05,0.0,1.226456101295695e-11,0.0,1.5570756263773907e-11,0.0,0.0005923542453650033,0.0
x-axis,46.41588833612773,0.0003349443401468452,8.917830896585058e-14,0.00421497100061178,0.0,3.070954719266179e-05,0.0,7.283780001882012e-11,0.0,1.5575452927999755e-11,0.0,0.004214970985008489,0.0
x-axis,56.23413251903491,0.0002529262010363265,1.0802318871943819e-13,0.005799205910720726,0.0,4.490015415436984e-05,0.0,1.252734631656454e-10,0.0,1.5570771059700194e-11,0.0,0.005799205895142025,0.0
x-axis,68.12920690579608,0.000184932340651132,1.6679371330408204e-13,0.0025650629542282276,0.0,0.00022355165036536535,0.0,1.0829907303922425e-08,0.0,1.5559742880555096e-11,0.0,0.0025650629385990118,0.0
x-axis,82.54041852680173,0.00012900876678615796,2.372056340104015e-13,0.003661920851974965,0.0,0.0001615089559647792,0.0,8.22012101551963e-08,0.0,1.5544637766066784e-11,0.0,0.0036619208677017615,0.0
x-axis,100.0,8.663796844098317e-05,2.8907730219323897e-13,0.008100530289513984,0.0,0.0007458711992729463,0.0,4.6282068134160933e-07,0.0,1.55206980106087e-11,0.0,0.008100530305310306,0.0
x-axis,121.15276586285876,5.7491528287198704e-05,2.9961391753790026e-13,0.008087501860239038,0.0,0.0012701285724404333,0.0,2.433822117990958e-06,0.0,1.5486810023982325e-11,0.0,0.008087501876034891,0.0
x-axis,146.77992676220674,3.837411663351107e-05,2.9418931590857875e-13,0.004461690656649882,0.0,3.1110170186463695e-05,0.0,9.269850603520556e-06,0.0,1.5451119533009045e-11,0.0,0.004461690672389187,0.0
x-axis,177.82794100389228,2.5806493648762394e-05,2.707197592994353e-13,4.686017723691905e-05,0.0,0.003152176238822619,0.0,1.1032987441221548e-05,0.0,1.5426299843916798e-11,0.0,4.6860192907155516e-05,0.0
x-axis,215.44346900318823,1.743706453451925e-05,2.285042287936335e-13,0.00018305862178295989,0.0,0.005697674364898587,0.0,6.342918584409893e-05,0.0,1.5895616874929e-11,0.0,0.00018305860611643015,0.0
x-axis,261.0157215682533,1.1815867754640968e-05,1.5684908862193114e-13,0.0069703669509443705,0.0,0.003640252081318009,0.0,0.00017428764821333088,0.0,3.1898000578570617e-11,0.0,0.006970366966723332,0.0
x-axis,316.22776601683796,8.021356604467503e-06,5.99792201948127e-14,0.016808638418978547,0.0,0.0028520307785257827,0.0,0.0002695606372118232,0.0,2.2119618346758757e-10,0.0,0.016808638434911476,0.0
x-axis,383.1186849557285,5.451845288249903e-06,1.786712274175924e-14,0.018699855681302426,0.0,0.008307455789779698,0.0,0.0005834762415033571,0.0,3.0527366625218677e-09,0.0,0.018699855697264914,0.0
x-axis,464.1588833612773,3.708330744749227e-06,4.134285046448566e-14,0.009349938573920195,0.0,0.008902859472084574,0.0,0.0013646553748052214,0.0,2.7434555955064544e-09,0.0,0.009349938589736234,0.0
x-axis,562.341325190349,2.523712301562753e-06,8.373962444493609e-14,0.005864027660951876,0.0,0.005439335504585351,0.0,0.000411466436120309,0.0,7.114602148559371e-08,0.0,0.005864027645374627,0.0
x-axis,681.2920690579608,1.7181196406493348e-06,2.913629877590792e-13,0.022985245368476785,0.0,0.0006480854376857686,0.0,0.002519422538245058,0.0,3.506350076870088e-07,0.0,0.022985245353167656,0.0
x-axis,825.4041852680173,1.1699564147584328e-06,7.440773866090594e-13,0.02437714223320641,0.0,0.0006673422262992539,0.0,0.005546477077200512,0.0,5.013011932054482e-07,0.0,0.02437714221791889,0.0
x-axis,1000.0,7.968113502325719e-07,1.341010093101693e-12,0.006173971015693169,0.0,0.005397933362371023,0.0,0.004558357703463964,0.0,1.3166629594790613e-05,0.0,0.006173971031459472,0.0
y-axis,0.001,0.025690131934933892,2.039251846085301e-13,1.5750046841024153e-11,0.0,1.5748156143948325e-11,0.0,1.5757339529745206e-11,0.0,1.5737082061075615e-11,0.0,7.967937676758762e-14,0.0
y-axis,0.001211527658628589,0.031122530746970536,2.0534066903024322e-13,1.5749696200937884e-11,0.0,1.5747801091614597e-11,0.0,1.5756830730154955e-11,0.0,1.5736653389712916e-11,0.0,7.959459157851453e-14,0.0
y-axis,0.0014677992676220691,0.03770265127619848,2.0815217868436165e-13,1.574944535016367e-11,0.0,1.574760492418062e-11,0.0,1.575680705409587e-11,0.0,1.5736562368282317e-11,0.0,7.969044506662012e-14,0.0
y-axis,0.0017782794100389228,0.045672194157165315,2.0464727524142305e-13,1.5749939927688544e-11,0.0,1.5748268717571513e-11,0.0,1.5757536337311415e-11,0.0,1.5737026031329667e-11,0.0,8.021808561803526e-14,0.0
y-axis,0.0021544346900318843,0.05532315106630088,2.0444238705441342e-13,1.574933844038201e-11,0.0,1.5747582493499347e-11,0.0,1.5756738502244668e-11,0.0,1.573641968831669e-11,0.0,7.95193088297697e-14,0.0
y-axis,0.0026101572156825357,0.06700779374345636,2.0400046363307338e-13,1.5749664220858775e-11,0.0,1.5747800257231684e-11,0.0,1.575732718243682e-11,0.0,1.573703068960848e-11,0.0,7.973622182614139e-14,0.0
y-axis,0.0031622776601683794,0.08115027284233024,2.0555816216908912e-13,1.5748799261598995e-11,0.0,1.5746747100246238e-11,0.0,1.5755981826333643e-11,0.0,1.5735973253144268e-11,0.0,7.900821208164616e-14,0.0
y-axis,0.003831186849557285,0.09825977864545368,2.0366186749791016e-13,1.5750039400867506e-11,0.0,1.5748062101183072e-11,0.0,1.5757383656838256e-11,0.0,1.5737045717226944e-11,0.0,8.022187291181452e-14,0.0
y-axis,0.004641588833612777,0.11894490813139051,2.0522970791633538e-13,1.5749017432551792e-11,0.0,1.574715064726092e-11,0.0,1.5756251225553913e-11,0.0,1.573618328367706e-11,0.0,7.89883526204591e-14,0.0
y-axis,0.005623413251903491,0.14392828673912622,2.0614926367379144e-13,1.574891666656851e-11,0.0,1.5746988235664183e-11,0.0,1.5756051860914515e-11,0.0,1.5735610493328657e-11,0.0,7.848713780659534e-14,0.0
y-axis,0.006812920690579608,0.1740593860371862,2.0155791869019176e-13,1.57481475411864e-11,0.0,1.5746234016641883e-11,0.0,1.575564217898575e-11,0.0,1.5735390710889633e-11,0.0,7.82950459469178e-14,0.0
y-axis,0.008254041852680182,0.210321485296922,2.0059041935819244e-13,1.5749911039016088e-11,0.0,1.5748063495679905e-11,0.0,1.5757169244979658e-11,0.0,1.5737110203043968e-11,0.0,8.023616774329306e-14,0.0
y-axis,0.01,0.25382523449472455,2.0032765705522791e-13,1.574934049702289e-11,0.0,1.574737221218284e-11,0.0,1.5756557541436407e-11,0.0,1.573665599472035e-11,0.0,7.916879023363212e-14,0.0
y-axis,0.012115276586285882,0.3057753473919323,1.9933341445536399e-13,1.5746795115265064e-11,0.0,1.5744979692546903e-11,0.0,1.5754238348409525e-11,0.0,1.5734268698509752e-11,0.0,7.715546552235572e-14,0.0
y-axis,0.01467799267622069,0.3673872820300514,1.9793719507956476e-13,1.5747037096902227e-11,0.0,1.5745223931756475e-11,0.0,1.575413866038977e-11,0.0,1.573449603797742e-11,0.0,7.675732450415176e-14,0.0
y-axis,0.01778279410038923,0.4397159441150723,1.9252089163611966e-13,1.57458103149963e-11,0.0,1.5744042910089487e-11,0.0,1.5752753691415917e-11,0.0,1.5733817210271502e-11,0.0,7.58721677857903e-14,0.0
y-axis,0.021544346900318832,0.5233381362737174,1.8626118527522646e-13,1.5743100864884023e-11,0.0,1.5741191581663672e-11,0.0,1.5749465142285184e-11,0.0,1.5731008737821813e-11,0.0,7.276490495377514e-14,0.0
y-axis,0.026101572156825358,0.6178089308871855,1.829379574434451e-13,1.5738414845781408e-11,0.0,1.573715692269487e-11,0.0,1.574506386781025e-11,0.0,1.572745294459872e-11,0.0,6.864665986582398e-14,0.0
y-axis,0.03162277660168379,0.7208068740117486,1.6634703549947363e-13,1.573504333306081e-11,0.0,1.5733657107764988e-11,0.0,1.57410503093427e-11,0.0,1.5724569630825725e-11,0.0,6.530661393684125e-14,0.0
y-axis,0.03831186849557287,0.8269418523190973,1.5385792636472788e-13,1.5728549430653433e-11,0.0,1.572747537881145e-11,0.0,1.573432245930408e-11,0.0,1.571901722055585e-11,0.0,5.893859482908023e-14,0.0
y-axis,0.046415888336127774,0.9264236208871225,1.2954668496798484e-13,1.5720687956429148e-11,0.0,1.5719489559713446e-11,0.0,1.5725241863948803e-11,0.0,1.5712538858762386e-11,0.0,5.0931860417576954e-14,0.0
y-axis,0.05623413251903491,1.0043250627489706,9.794215401987394e-14,1.5707887491762685e-11,0.0,1.5707003138227524e-11,0.0,1.5711424905903338e-11,0.0,1.570169701701655e-11,0.0,3.8469378779818815e-14,0.0
y-axis,0.06812920690579612,1.0420491411629653,5.77459215287328e-14,1.569304015813708e-11,0.0,1.569218781981194e-11,0.0,1.5694744834787364e-11,0.0,1.5689204635673944e-11,0.0,2.3013134778979717e-14,0.0
y-axis,0.08254041852680181,1.0231736522197763,9.114653594351983e-15,1.5674382980087313e-11,0.0,1.5674382980087313e-11,0.0,1.5674599995649084e-11,0.0,1.5673731933402007e-11,0.0,4.340311235405746e-15,0.0
y-axis,0.1,0.9439861621588864,4.034026267668411e-14,1.5655785441706357e-11,0.0,1.5656138271992157e-11,0.0,1.5654138900372626e-11,0.0,1.565837286380222e-11,0.0,1.4113211432075506e-14,0.0
y-axis,0.12115276586285877,0.8223596242159139,7.870766077233583e-14,1.5639468704238384e-11,0.0,1.5640008722494106e-11,0.0,1.563636359926797e-11,0.0,1.564419386397597e-11,0.0,3.051103144862178e-14,0.0
y-axis,0.1467799267622069,0.6919585290467778,9.113359421349312e-14,1.5633583015903057e-11,0.0,1.5634385248246482e-11,0.0,1.5630053193591994e-11,0.0,1.563887774936965e-11,0.0,3.6100455454285355e-14,0.0
y-axis,0.1778279410038923,0.5792242008807293,8.548666789646495e-14,1.563696828185463e-11,0.0,1.5637159955997894e-11,0.0,1.5633326473132608e-11,0.0,1.56419518095795e-11,0.0,3.3159626784948817e-14,0.0
y-axis,0.21544346900318823,0.4873066268884164,8.498000341785672e-14,1.5637801513765162e-11,0.0,1.5638257170619946e-11,0.0,1.563461191578167e-11,0.0,1.56425859107404e-11,0.0,3.189597983511778e-14,0.0
y-axis,0.2610157215682536,0.4060126072662527,1.0035448228588547e-13,1.562986880930763e-11,0.0,1.5630689145675084e-11,0.0,1.562617729565409e-11,0.0,1.5635884609335628e-11,0.0,4.005975927760421e-14,0.0
y-axis,0.31622776601683794,0.32893511016440924,1.2673890164489544e-13,1.5618755455806188e-11,0.0,1.5620274297503656e-11,0.0,1.5614030170525185e-11,0.0,1.562668718467073e-11,0.0,5.096557695972513e-14,0.0
y-axis,0.3831186849557285,0.2585627571855024,1.4663409650970605e-13,1.561148603494622e-11,0.0,1.5612988873417027e-11,0.0,1.5605904063483226e-11,0.0,1.5620503065771062e-11,0.0,5.839600915173382e-14,0.0
y-axis,0.46415888336127775,0.20094293835670676,1.4282295969823275e-13,1.561452754273714e-11,0.0,1.561604693592541e-11,0.0,1.560914060325146e-11,0.0,1.5623367648559795e-11,0.0,5.525066139195835e-14,0.0
y-axis,0.5623413251903491,0.15794085387264806,1.187961737328348e-13,1.5621169644012794e-11,0.0,1.562257551589128e-11,0.0,1.5616600560407716e-11,0.0,1.5628726205359655e-11,0.0,4.850257980807472e-14,0.0
y-axis,0.6812920690579608,0.12594740348892738,1.106279174724884e-13,1.5625642407243252e-11,0.0,1.562696465326881e-11,0.0,1.5621675669166576e-11,0.0,1.563313513472142e-11,0.0,4.385449318132023e-14,0.0
y-axis,0.8254041852680182,0.10031526749415048,1.211873568532908e-13,1.5621686670451572e-11,0.0,1.5623070087767238e-11,0.0,1.5617259735041434e-11,0.0,1.562984883261401e-11,0.0,4.8004580853980375e-14,0.0
y-axis,1.0,0.07843894939746913,1.4277823513619394e-13,1.5613074245528792e-11,0.0,1.5615020417259257e-11,0.0,1.5607943429148465e-11,0.0,1.5622805104181134e-11,0.0,5.643898018393973e-14,0.0
y-axis,1.2115276586285877,0.06001593223653712,1.5689298952305816e-13,1.5608597915787162e-11,0.0,1.56105634138136e-11,0.0,1.5602817039238822e-11,0.0,1.561900349357418e-11,0.0,6.116167388186053e-14,0.0
y-axis,1.467799267622069,0.04570433564507621,1.4620395932138476e-13,1.561482576977937e-11,0.0,1.5616647625970276e-11,0.0,1.560936020120664e-11,0.0,1.5623935050733915e-11,0.0,5.480750707685584e-14,0.0
y-axis,1.7782794100389228,0.03546066420873494,1.15450386919072e-13,1.5631591031694294e-11,0.0,1.5628460173743964e-11,0.0,1.56225898150871e-11,0.0,1.563433053240083e-11,0.0,3.7961652647961666e-14,0.0
y-axis,2.154434690031882,0.028228604511614158,8.763152552317552e-14,1.6095932462315786e-11,0.0,1.5639707745990298e-11,0.0,1.563540605820167e-11,0.0,1.5644623960605876e-11,0.0,4.2672742863455645e-13,0.0
y-axis,2.610157215682536,0.022757184192806344,8.689936091649054e-14,3.44313562553828e-11,0.0,1.564081777992625e-11,0.0,1.563670149440918e-11,0.0,1.5645848795558228e-11,0.0,1.8761876931906983e-11,0.0
y-axis,3.1622776601683795,0.018163136888859822,1.1403645983568678e-13,1.3238429587095407e-10,0.0,1.563311883739781e-11,0.0,1.5627388362029217e-11,0.0,1.5639231344457645e-11,0.0,1.1671488402296993e-10,0.0
y-axis,3.831186849557285,0.014068106664908346,1.5179331873097411e-13,6.530263988983689e-09,0.0,1.5615722250921144e-11,0.0,1.5608816949662913e-11,0.0,1.5623860641689773e-11,0.0,6.5459333506282195e-09,0.0
y-axis,4.6415888336127775,0.01053185437385996,1.8546578452492945e-13,2.995255817100962e-08,0.0,1.560366799778363e-11,0.0,1.5595102970434397e-11,0.0,1.5612562449261676e-11,0.0,2.9936888947610304e-08,0.0
y-axis,5.623413251903491,0.007758764120344754,1.8602059678917533e-13,8.555790301340519e-09,0.0,1.5603148303130815e-11,0.0,1.5594875752552505e-11,0.0,1.561164443615719e-11,0.0,8.57145940646573e-09,0.0
y-axis,6.812920690579608,0.005772847993127591,1.6241862593330428e-13,3.4649669966301888e-09,0.0,1.560976716391499e-11,0.0,1.5604207969502877e-11,0.0,1.5617429837293848e-11,0.0,3.4806362621990646e-09,0.0
y-axis,8.254041852680182,0.004389808485323768,1.313942413867795e-13,3.7353440999171457e-06,0.0,1.58196690777368e-11,0.0,1.561477309530487e-11,0.0,1.5624454776249098e-11,0.0,3.735359769421376e-06,0.0
y-axis,10.0,0.0033904864069769476,1.1934106266847204e-13,3.0357668196840728e-05,0.0,1.9678612140795818e-11,0.0,1.5617690321310552e-11,0.0,1.5624981254399578e-11,0.0,3.0357652527985964e-05,0.0
y-axis,12.115276586285876,0.002616317788899318,1.2581184937213587e-13,8.595675422744794e-05,0.0,1.2127997063453835e-10,0.0,1.5608957322855143e-11,0.0,1.5616582283423105e-11,0.0,8.595676989790223e-05,0.0
y-axis,14.677992676220676,0.001982011674457611,1.5316590321248397e-13,2.908521827147088e-05,0.0,2.6928587574672966e-09,0.0,1.5592070138690498e-11,0.0,1.5599728433851072e-11,0.0,2.9085233940999205e-05,0.0
y-axis,17.78279410038923,0.0014642081530870093,1.7445472578409432e-13,0.0004864694566068575,0.0,2.6987087799108392e-08,0.0,1.557548970713177e-11,0.0,1.558215393689428e-11,0.0,0.0004864694409451771,0.0
y-axis,21.54434690031882,0.0010671704480062394,1.6864931086582321e-13,9.982299670283551e-05,0.0,1.167496242452153e-07,0.0,1.5569379272123175e-11,0.0,1.5571614383471984e-11,0.0,9.982298103531453e-05,0.0
y-axis,26.10157215682533,0.0007829725814911759,1.4207284587816979e-13,0.0014720742691316398,0.0,5.403681353329568e-07,0.0,1.5571654715045762e-11,0.0,1.556971609921508e-11,0.0,0.0014720742848239041,0.0
y-axis,31.622776601683793,0.0005835547621738752,1.1277617138229875e-13,0.001716931150030049,0.0,3.3689669158096845e-06,0.0,1.5474674323707642e-11,0.0,1.5570171773609006e-11,0.0,0.0017169311657261883,0.0
y-axis,38.31186849557285,0.0004386569585378968,1.0652769259579217e-13,0.0005955393743596603,0.0,1.5738801982434883e-05,0.0,1.2243764056079796e-11,0.0,1.556886161635747e-11,0.0,0.0005955393586995952,0.0
y-axis,46.41588833612773,0.0003271000113111971,1.3158919217135098e-13,0.004316063032565161,0.0,3.144612757801495e-05,0.0,7.4980648659582e-11,0.0,1.5559510462320628e-11,0.0,0.0043160630169632236,0.0
y-axis,56.23413251903491,0.00023790143238501432,1.8081320806742556e-13,0.006165496240900225,0.0,4.773610217527937e-05,0.0,1.3418219949082543e-10,0.0,1.5544125261498848e-11,0.0,0.00616549622532773,0.0
y-axis,68.12920690579608,0.00016768712444710791,2.4229932111883666e-13,0.0028288505898030046,0.0,0.00024654247729159225,0.0,1.1942121778644592e-08,0.0,1.553301905429124e-11,0.0,0.00282885057417785,0.0
y-axis,82.54041852680173,0.00011557442894046636,2.847129441746533e-13,0.004087640264349064,0.0,0.0001802829880232863,0.0,9.175869327216507e-08,0.0,1.552365667292576e-11,0.0,0.00408764028008262,0.0
y-axis,100.0,7.899663604944899e-05,3.0846179084595583e-13,0.008884061490943123,0.0,0.0008180199930439461,0.0,5.075897363706751e-07,0.0,1.5509211799913835e-11,0.0,0.008884061506752047,0.0
y-axis,121.15276586285876,5.392165591133874e-05,3.060032473715098e-13,0.008622951295805653,0.0,0.0013542165842248472,0.0,2.594958521369344e-06,0.0,1.5481627949466025e-11,0.0,0.00862295131161025,0.0
y-axis,146.77992676220674,3.679472373339427e-05,2.963198793408849e-13,0.004653218624991063,0.0,3.2444499492325305e-05,0.0,9.667759695078518e-06,0.0,1.5446571510264885e-11,0.0,0.004653218640733402,0.0
y-axis,177.82794100389228,2.5099366237732237e-05,2.678176574556918e-13,4.806931417693561e-05,0.0,0.00324098288436104,0.0,1.1343820756229758e-05,0.0,1.5420843524520376e-11,0.0,4.8069329847238326e-05,0.0
y-axis,215.44346900318823,1.7116014427966414e-05,2.2685182035546556e-13,0.0001864920519993487,0.0,0.0058045497484672465,0.0,6.461896597300034e-05,0.0,1.5900214326666948e-11,0.0,0.00018649203633291445,0.0
y-axis,261.0157215682533,1.1668907928670198e-05,1.5563055686227017e-13,0.00705824895964388,0.0,0.0036860982508456763,0.0,0.0001764826673110853,0.0,3.2105335352017716e-11,0.0,0.007058248975423685,0.0
y-axis,316.22776601683796,7.953755089701492e-06,5.878508724637498e-14,0.016951629600291274,0.0,0.002876275035833014,0.0,0.0002718517510801395,0.0,2.2294457327633778e-10,0.0,0.016951629616226295,0.0
y-axis,383.1186849557285,5.420652791740721e-06,1.9063759206727937e-14,0.01880728762287428,0.0,0.008355258762238475,0.0,0.0005868338370178508,0.0,3.0703943693654524e-09,0.0,0.018807287638838457,0.0
y-axis,464.1588833612773,3.6939094552547973e-06,4.242147706655957e-14,0.009386414775475197,0.0,0.008937616964513418,0.0,0.0013699830596501127,0.0,2.7541105232540044e-09,0.0,0.009386414791291644,0.0
y-axis,562.341325190349,2.5170362125434473e-06,8.446651212299219e-14,0.005879360524715206,0.0,0.0054537646109518835,0.0,0.0004125578334007273,0.0,7.133467578146055e-08,0.0,0.005879360509138034,0.0
y-axis,681.2920690579608,1.71502639408211e-06,2.933701617683781e-13,0.023027026438949667,0.0,0.0006492477983852105,0.0,0.0025239665633860955,0.0,3.512674226589731e-07,0.0,0.0230270264236412,0.0
y-axis,825.4041852680173,1.1685223870712214e-06,7.464402796942753e-13,0.024407241131601302,0.0,0.0006681631783529695,0.0,0.005553283942186479,0.0,5.019165225509411e-07,0.0,0.02440724111631441,0.0
y-axis,1000.0,7.961462774268383e-07,1.343992179522419e-12,0.006179504246735905,0.0,0.005402448302211487,0.0,0.004562165666503239,0.0,1.3177628839111401e-05,0.0,0.00617950426250208,0.0
z-axis,0.001,0.029349243025980354,2.5167438063628407e-13,1.5768836228560325e-11,0.0,1.5766590191344686e-11,0.0,1.5777938589907904e-11,0.0,1.5752877543080798e-11,0.0,9.870742500298267e-14,0.0
z-axis,0.001211527658628589,0.03555498572305167,2.5214609826248613e-13,1.576888911734831e-11,0.0,1.5766742362641742e-11,0.0,1.5778061614730925e-11,0.0,1.5753276355845986e-11,0.0,9.914103553976413e-14,0.0
z-axis,0.0014677992676220691,0.04307152081972714,2.5405733250652e-13,1.5766698172323666e-11,0.0,1.5764442748953284e-11,0.0,1.5775880967474505e-11,0.0,1.575091020873099e-11,0.0,9.682210325710675e-14,0.0
z-axis,0.0017782794100389228,0.052174644012233005,2.542837693565593e-13,1.5767588604158988e-11,0.0,1.5765460706507466e-11,0.0,1.5776765162781166e-11,0.0,1.5752028352582248e-11,0.0,9.748431116025387e-14,0.0
z-axis,0.0021544346900318843,0.06319734413497785,2.5385121677843215e-13,1.5766883533474095e-11,0.0,1.5764248399735912e-11,0.0,1.577588690707956e-11,0.0,1.5750853136566804e-11,0.0,9.662157040011981e-14,0.0
z-axis,0.0026101572156825357,0.07654101174408533,2.498476459013009e-13,1.576923026631297e-11,0.0,1.5767054524839226e-11,0.0,1.577847716757637e-11,0.0,1.575345614062834e-11,0.0,9.954017242369264e-14,0.0
z-axis,0.0031622776601683794,0.09268832968265504,2.542335564611283e-13,1.5767571160735117e-11,0.0,1.576532528126108e-11,0.0,1.577670440392954e-11,0.0,1.5751700279118578e-11,0.0,9.762089447155348e-14,0.0
z-axis,0.003831186849557285,0.11221767038999673,2.5079966084155564e-13,1.57677301564627e-11,0.0,1.5765504123970027e-11,0.0,1.577688162337704e-11,0.0,1.5751900592070332e-11,0.0,9.757442426234567e-14,0.0
z-axis,0.004641588833612777,0.13581838265021434,2.531995854811576e-13,1.5767038594203532e-11,0.0,1.5764995014014017e-11,0.0,1.5776234705056362e-11,0.0,1.5751507384763202e-11,0.0,9.707005900208257e-14,0.0
z-axis,0.005623413251903491,0.1643055129393712,2.5136281660424423e-13,1.576642860358187e-11,0.0,1.5764401484093126e-11,0.0,1.5775212788033096e-11,0.0,1.57507184275441e-11,0.0,9.62881757153597e-14,0.0
z-axis,0.006812920690579608,0.1986309759095215,2.501245343253724e-13,1.57670681313658e-11,0.0,1.5764832381338308e-11,0.0,1.577587139709904e-11,0.0,1.575113841241993e-11,0.0,9.711539181909346e-14,0.0
z-axis,0.008254041852680182,0.2398854708623404,2.5015085017554216e-13,1.5766330064375013e-11,0.0,1.576401599545572e-11,0.0,1.577535493316026e-11,0.0,1.5750941506061713e-11,0.0,9.661237738049489e-14,0.0
z-axis,0.01,0.2892807517548023,2.4504824359134737e-13,1.576560187704217e-11,0.0,1.5763491046439582e-11,0.0,1.57748127742171e-11,0.0,1.5750058488059472e-11,0.0,9.575495188105896e-14,0.0
z-axis,0.012115276586285882,0.34809404343153677,2.4175910750141326e-13,1.576617029230409e-11,0.0,1.5763937688408958e-11,0.0,1.5775260179591416e-11,0.0,1.575070153674496e-11,0.0,9.632091090428029e-14,0.0
z-axis,0.01467799267622069,0.41754400724823404,2.431597480492286e-13,1.5762840638307165e-11,0.0,1.5760580542234535e-11,0.0,1.5771482182114275e-11,0.0,1.574768469993777e-11,0.0,9.266393897777669e-14,0.0
z-axis,0.01778279410038923,0.49854957701730096,2.35049924122373e-13,1.5761483661369175e-11,0.0,1.5759590791302815e-11,0.0,1.5770168594614816e-11,0.0,1.5746786082030396e-11,0.0,9.152583497329985e-14,0.0
z-axis,0.021544346900318832,0.5913005974313562,2.2399707934191206e-13,1.5759593339956078e-11,0.0,1.5757527985494416e-11,0.0,1.5767854757802722e-11,0.0,1.5745323618220966e-11,0.0,8.937352034096733e-14,0.0
z-axis,0.026101572156825358,0.6945522193508062,2.1515447643978571e-13,1.5755190056326597e-11,0.0,1.5753271888631742e-11,0.0,1.5763182421721838e-11,0.0,1.574160303515469e-11,0.0,8.535846242115177e-14,0.0
z-axis,0.03162277660168379,0.8045743476487922,2.003598345468359e-13,1.57478414310108e-11,0.0,1.574604757574282e-11,0.0,1.575487886321596e-11,0.0,1.5735284444134926e-11,0.0,7.796370972381884e-14,0.0
z-axis,0.03831186849557287,0.9138167256218431,1.7810868508591075e-13,1.5738806009180365e-11,0.0,1.5737105107685685e-11,0.0,1.5745002150339563e-11,0.0,1.5727507163537125e-11,0.0,6.876501757069812e-14,0.0
z-axis,0.046415888336127774,1.0097207800428727,1.4513857904784025e-13,1.572686457452553e-11,0.0,1.572532522595987e-11,0.0,1.573170252716046e-11,0.0,1.5717188669255672e-11,0.0,5.6735989991436696e-14,0.0
z-axis,0.05623413251903491,1.0748426780191043,1.045311768780148e-13,1.5711283784791484e-11,0.0,1.5710457451377428e-11,0.0,1.5715208868508247e-11,0.0,1.5704673117479038e-11,0.0,4.1316670702776965e-14,0.0
z-axis,0.06812920690579612,1.0903162399250048,5.2542102899059336e-14,1.569074186846526e-11,0.0,1.5690334565342013e-11,0.0,1.5692574732519878e-11,0.0,1.5687279791917647e-11,0.0,2.0976110847299982e-14,0.0
z-axis,0.08254041852680181,1.0443270473359956,4.465015739389782e-15,1.5669015948301357e-11,0.0,1.5669015948301357e-11,0.0,1.5669015948301357e-11,0.0,1.5669015948301357e-11,0.0,1.063098985568991e-15,0.0
z-axis,0.1,0.9430272576454785,5.4391114701975927e-14,1.5650160282851455e-11,0.0,1.5650866660964466e-11,0.0,1.564827660788342e-11,0.0,1.5653456714045515e-11,0.0,1.9543127793349593e-14,0.0
z-axis,0.12115276586285877,0.8133816975194083,8.271579689766093e-14,1.564051983351731e-11,0.0,1.564106581237472e-11,0.0,1.5637380455087198e-11,0.0,1.5645024159090945e-11,0.0,2.975584772885906e-14,0.0
z-axis,0.1467799267622069,0.6876765766421341,8.346733380595497e-14,1.563938896153963e-11,0.0,1.5640034743619367e-11,0.0,1.563616005114095e-11,0.0,1.5644393772657587e-11,0.0,3.0351757747617456e-14,0.0
z-axis,0.1778279410038923,0.5811511355789544,7.526921052413848e-14,1.5640139584772154e-11,0.0,1.564090373919372e-11,0.0,1.5637274005691287e-11,0.0,1.5644915549906935e-11,0.0,2.98020224410272e-14,0.0
z-axis,0.21544346900318823,0.4894604180889175,8.335852021350963e-14,1.563613037185769e-11,0.0,1.5636810849573717e-11,0.0,1.563295480918289e-11,0.0,1.564089371586989e-11,0.0,3.3456821038072505e-14,0.0
z-axis,0.2610157215682536,0.40442119945091975,1.0802419872726401e-13,1.5627271981316908e-11,0.0,1.562823280646442e-11,0.0,1.5623016898520788e-11,0.0,1.5633723235878764e-11,0.0,4.2413567225820807e-14,0.0
z-axis,0.31622776601683794,0.32482586925555723,1.3500713343184362e-13,1.5616907435949998e-11,0.0,1.5618274596794878e-11,0.0,1.561195147788731e-11,0.0,1.5625281296124884e-11,0.0,5.2806587633460816e-14,0.0
z-axis,0.3831186849557285,0.2556234172805778,1.370278857843509e-13,1.5614447023059957e-11,0.0,1.561553282247188e-11,0.0,1.5609018026000358e-11,0.0,1.562313341835532e-11,0.0,5.5158610125547326e-14,0.0
z-axis,0.46415888336127775,0.20083748388086572,1.2755784327802705e-13,1.5620929730661014e-11,0.0,1.5622449921642656e-11,0.0,1.561636915771608e-11,0.0,1.5628807083929537e-11,0.0,4.8784310592782025e-14,0.0
z-axis,0.5623413251903491,0.15911731280232375,1.1599905415274093e-13,1.562515981170634e-11,0.0,1.5626729723717428e-11,0.0,1.5621147814344666e-11,0.0,1.5632834937093887e-11,0.0,4.448084031420376e-14,0.0
z-axis,0.6812920690579608,0.12625387896633344,1.2047198519280627e-13,1.562134730625802e-11,0.0,1.5622886181981288e-11,0.0,1.5616730679088224e-11,0.0,1.5629481363652427e-11,0.0,4.8584504977384995e-14,0.0
z-axis,0.8254041852680182,0.09906995624942466,1.4414302978281637e-13,1.5614234166928178e-11,0.0,1.5615915135205528e-11,0.0,1.5608911100716568e-11,0.0,1.5623479492453604e-11,0.0,5.533187246278354e-14,0.0
z-axis,1.0,0.07653562705765375,1.5702705659569506e-13,1.560914219397424e-11,0.0,1.5611136763977188e-11,0.0,1.5603339808511122e-11,0.0,1.56192963685347e-11,0.0,6.03810737255869e-14,0.0
z-axis,1.2115276586285877,0.05879498282700229,1.4327442231135146e-13,1.561514175488839e-11,0.0,1.561691203193507e-11,0.0,1.5609476868339013e-11,0.0,1.562422917706135e-11,0.0,5.476056997731264e-14,0.0
z-axis,1.467799267622069,0.045628580320574166,1.1633616034501358e-13,1.5626455545635064e-11,0.0,1.562812835316944e-11,0.0,1.562234956350524e-11,0.0,1.5633907142833634e-11,0.0,4.273262883260786e-14,0.0
z-axis,1.7782794100389228,0.03599339124293364,9.581287428478335e-14,1.5640439619162433e-11,0.0,1.5636776752741082e-11,0.0,1.563195719166036e-11,0.0,1.5641981878708265e-11,0.0,2.9302931370796124e-14,0.0
z-axis,2.154434690031882,0.02864046335705504,1.0090791042546952e-13,1.610456331764978e-11,0.0,1.563709197751551e-11,0.0,1.5632246459607924e-11,0.0,1.5642422047213853e-11,0.0,4.3524864604883005e-13,0.0
z-axis,2.610157215682536,0.022638410654686057,1.3118617893159994e-13,3.4737364557649844e-11,0.0,1.5625407996877778e-11,0.0,1.5619277801600604e-11,0.0,1.5632610976328463e-11,0.0,1.9067665899894462e-11,0.0
z-axis,3.1622776601683795,0.017536617271471152,1.7014252706162357e-13,1.3125763954255364e-10,0.0,1.5609587657162577e-11,0.0,1.5601674051252734e-11,0.0,1.5619083984254386e-11,0.0,1.1558810632062402e-10,0.0
z-axis,3.831186849557285,0.013290469789847784,1.94480557879177e-13,6.965611987611138e-09,0.0,1.5601909077159155e-11,0.0,1.5592902930519116e-11,0.0,1.5612350986307028e-11,0.0,6.9812809859545725e-09,0.0
z-axis,4.6415888336127775,0.009973030195726526,1.8611736682506955e-13,3.195640232688315e-08,0.0,1.56034190570465e-11,0.0,1.5594895925294702e-11,0.0,1.5612637954655593e-11,0.0,3.194073298401112e-08,0.0
z-axis,5.623413251903491,0.007517128195984059,1.602693771684934e-13,9.671869104070473e-09,0.0,1.5611783491467258e-11,0.0,1.560462963877867e-11,0.0,1.5618821959435058e-11,0.0,9.68753834915289e-09,0.0
z-axis,6.812920690579608,0.005723379821513137,1.4199965297434771e-13,1.448778510631789e-09,0.0,1.5617840167473104e-11,0.0,1.561329375382398e-11,0.0,1.5624508240825155e-11,0.0,1.4644477252734973e-09,0.0
z-axis,8.254041852680182,0.004384954150653015,1.4063868732082467e-13,3.745232956596798e-06,0.0,1.5817401732219637e-11,0.0,1.5613070137279563e-11,0.0,1.5623158144386965e-11,0.0,3.745248625843289e-06,0.0
z-axis,10.0,0.0033479726871203782,1.5932850077153975e-13,3.075555319168274e-05,0.0,1.9699090857583777e-11,0.0,1.5601369074326797e-11,0.0,1.5612768186577117e-11,0.0,3.075553752308481e-05,0.0
z-axis,12.115276586285876,0.00252381120438354,1.833486936000529e-13,8.91194236431704e-05,0.0,1.266405063744178e-10,0.0,1.5584638956001638e-11,0.0,1.5597354797919542e-11,0.0,8.91194393137272e-05,0.0
z-axis,14.677992676220676,0.0018763419902644884,1.9461233271324716e-13,3.0732241285750165e-05,0.0,2.845891605548669e-09,0.0,1.557384036882275e-11,0.0,1.5585512486164812e-11,0.0,3.073225695550991e-05,0.0
z-axis,17.78279410038923,0.00138746025483081,1.7769703540323184e-13,0.0005134043792749758,0.0,2.848942176544882e-08,0.0,1.5571855335504543e-11,0.0,1.5578575627960425e-11,0.0,0.0005134043636135686,0.0
z-axis,21.54434690031882,0.0010298845870898448,1.5327915214264908e-13,0.0001034396690545986,0.0,1.2101386977232258e-07,0.0,1.55744672570634e-11,0.0,1.55744672570634e-11,0.0,0.0001034396533866479,0.0
z-axis,26.10157215682533,0.0007689642510690646,1.3450935737432766e-13,0.0014989161254378301,0.0,5.503066767019584e-07,0.0,1.5573194487114507e-11,0.0,1.5570374584444187e-11,0.0,0.0014989161411305886,0.0
z-axis,31.622776601683793,0.0005744284146637106,1.3759475742591147e-13,0.0017442038025131034,0.0,3.422714102023754e-06,0.0,1.546176259749203e-11,0.0,1.556104221670468e-11,0.0,0.001744203818209664,0.0
z-axis,38.31186849557285,0.0004251635684764198,1.6550035377319355e-13,0.0006144223749968303,0.0,1.6238683458161704e-05,0.0,1.2110086749358842e-11,0.0,1.554683292470701e-11,0.0,0.0006144223593366463,0.0
z-axis,46.41588833612773,0.00030922407659706287,2.0248318355442467e-13,0.00456558713426169,0.0,3.326422828270751e-05,0.0,8.02566203158699e-11,0.0,1.5529846593216517e-11,0.0,0.004565587118663822,0.0
z-axis,56.23413251903491,0.00022079258303954458,2.357040420601251e-13,0.006643289591623216,0.0,5.143562602391617e-05,0.0,1.4577349729996622e-10,0.0,1.5520374594524143e-11,0.0,0.0066432895760577875,0.0
z-axis,68.12920690579608,0.00015560868057075698,2.661581785607696e-13,0.0030484182886310446,0.0,0.0002656801105144108,0.0,1.2868020178913693e-08,0.0,1.5520087506386294e-11,0.0,0.0030484182730095804,0.0
z-axis,82.54041852680173,0.00010878669257929827,2.9014427222783217e-13,0.00434274513605187,0.0,0.00019153220825266415,0.0,9.748613699787756e-08,0.0,1.5517174802864578e-11,0.0,0.004342745151789175,0.0
z-axis,100.0,7.559820264019281e-05,3.094208731749067e-13,0.00928340868390096,0.0,0.0008547943858160235,0.0,5.304110172885642e-07,0.0,1.550600140513052e-11,0.0,0.009283408699715844,0.0
z-axis,121.15276586285876,5.2276310041920684e-05,3.072088421517904e-13,0.008894365247294572,0.0,0.0013968390116121364,0.0,2.67664169363363e-06,0.0,1.5478659181020392e-11,0.0,0.008894365263103122,0.0
z-axis,146.77992676220674,3.600649879267046e-05,2.9678441450515926e-13,0.004755092588957084,0.0,3.315396966588733e-05,0.0,9.879410581822801e-06,0.0,1.5443516701775932e-11,0.0,0.004755092604700773,0.0
z-axis,177.82794100389228,2.472469420449414e-05,2.692724492507756e-13,4.8702980557559644e-05,0.0,0.0032900963328585343,0.0,1.1515720910444489e-05,0.0,1.5419239319154382e-11,0.0,4.870299622770881e-05,0.0
z-axis,215.44346900318823,1.6939052756808804e-05,2.3002180897066423e-13,0.00018844142237357301,0.0,0.00586519202365443,0.0,6.529407654733767e-05,0.0,1.5906108099799934e-11,0.0,0.00018844140670708765,0.0
z-axis,261.0157215682533,1.158573860697341e-05,1.527998274271631e-13,0.0071090017462779025,0.0,0.0037125594432978145,0.0,0.00017774959946219562,0.0,3.2223217195460215e-11,0.0,0.007109001762058688,0.0
z-axis,316.22776601683796,7.914809956327239e-06,5.6719929413582964e-14,0.017035141022296266,0.0,0.0028904314505728244,0.0,0.0002731894576285625,0.0,2.2396324309511356e-10,0.0,0.017035141038232424,0.0
z-axis,383.1186849557285,5.402464597528845e-06,2.0852590507737818e-14,0.01887047432725239,0.0,0.008383387043957826,0.0,0.0005888095692957587,0.0,3.0807877481547852e-09,0.0,0.01887047434321748,0.0
z-axis,464.1588833612773,3.6854312019346876e-06,4.2059401153970433e-14,0.009407978819569555,0.0,0.00895817780896188,0.0,0.0013731346756061776,0.0,2.7604219315861163e-09,0.0,0.009407978835386419,0.0
z-axis,562.341325190349,2.5130893822605765e-06,8.729555537794137e-14,0.005888440411506702,0.0,0.005462331427190901,0.0,0.00041320578884256905,0.0,7.144666424348897e-08,0.0,0.005888440395929502,0.0
z-axis,681.2920690579608,1.7131907389727727e-06,2.9356089838172193e-13,0.023051927748703006,0.0,0.0006499379430333041,0.0,0.002526670936635113,0.0,3.516437713749017e-07,0.0,0.023051927733394578,0.0
z-axis,825.4041852680173,1.1676691732922697e-06,7.458975949137105e-13,0.024425202361724685,0.0,0.0006686531392502487,0.0,0.005557341862195969,0.0,5.022834778909666e-07,0.0,0.02442520234643841,0.0
z-axis,1000.0,7.957498762569192e-07,1.3451939095816786e-12,0.00618285248664415,0.0,0.005405144489216991,0.0,0.004564438357512087,0.0,1.3184193824173814e-05,0.0,0.006182852502410195,0.0
diagonal,0.001,0.02643047327348558,2.1958871319840978e-13,1.5755330689082142e-11,0.0,1.5753318887608e-11,8.537736462515939e-07,1.576308912018098e-11,0.0,1.5741515730277846e-11,8.537736462515939e-07,8.596933886683973e-14,8.537736462515939e-07
diagonal,0.001211527658628589,0.03201934838415339,2.2073302263721883e-13,1.5755465606411052e-11,0.0,1.5753487641596332e-11,0.0,1.5763530534981418e-11,1.2074182697257333e-06,1.574167089812243e-11,1.2074182697257333e-06,8.630225846145411e-14,0.0
diagonal,0.0014677992676220691,0.03878894595903589,2.189360977058663e-13,1.575616880194441e-11,0.0,1.5754327705190808e-11,0.0,1.5764196997961056e-11,0.0,1.5742391175645017e-11,0.0,8.70090443088605e-14,0.0
diagonal,0.0017782794100389228,0.046987870739439254,2.2135411885279793e-13,1.5754766805139906e-11,0.0,1.5752820462201013e-11,1.2074182697257333e-06,1.5762644526815703e-11,0.0,1.5741135832679526e-11,0.0,8.56730920196099e-14,1.2074182697257333e-06
diagonal,0.0021544346900318843,0.05691641949613545,2.19840850316086e-13,1.5755277558195067e-11,0.0,1.575330884693013e-11,1.2074182697257333e-06,1.5763253314061195e-11,8.537736462515939e-07,1.5741446776614047e-11,8.537736462515939e-07,8.596094911052891e-14,0.0
diagonal,0.0026101572156825357,0.06893682029384463,2.2091887460362586e-13,1.5754878621108065e-11,0.0,1.5752871326632024e-11,1.2074182697257333e-06,1.5762850899909572e-11,0.0,1.5741195592865755e-11,1.2074182697257333e-06,8.568207241313171e-14,0.0
diagonal,0.0031622776601683794,0.08348509886419846,2.1956560775163965e-13,1.5754732087871046e-11,0.0,1.5752651012637584e-11,0.0,1.576272242142156e-11,0.0,1.5740995811309483e-11,0.0,8.543842436676969e-14,0.0
diagonal,0.003831186849557285,0.1010845003964943,2.203222065721465e-13,1.5755442751155407e-11,0.0,1.5753630391088446e-11,0.0,1.5763325327145227e-11,0.0,1.574172380395856e-11,0.0,8.624777844260289e-14,0.0
diagonal,0.004641588833612777,0.12236006176649689,2.214431165148649e-13,1.575389439176069e-11,0.0,1.575197389730462e-11,0.0,1.5761817307023883e-11,0.0,1.5740210674986153e-11,0.0,8.466502386711659e-14,0.0
diagonal,0.005623413251903491,0.14805328670608037,2.1896747202614578e-13,1.5754512728318177e-11,0.0,1.5752481718854307e-11,8.537736462515939e-07,1.5762320395023298e-11,8.537736462515939e-07,1.5740822975556812e-11,8.537736462515939e-07,8.556149892119351e-14,8.537736462515939e-07
diagonal,0.006812920690579608,0.17903468757374674,2.2045876175085575e-13,1.575382529684252e-11,1.2074182697257333e-06,1.575196850023933e-11,1.2074182697257333e-06,1.5761774953219365e-11,0.0,1.5740287015408833e-11,0.0,8.462601310532484e-14,0.0
diagonal,0.008254041852680182,0.21630982362830609,2.183750235336853e-13,1.575358625562018e-11,8.537736462515939e-07,1.5751753282531856e-11,0.0,1.5761457826958114e-11,0.0,1.574009758238833e-11,0.0,8.466287656461816e-14,0.0
diagonal,0.01,0.2610107407786896,2.16719517736283e-13,1.5752622511892158e-11,0.0,1.5750681432326008e-11,0.0,1.5760481519407844e-11,1.2074182697257333e-06,1.573921279113586e-11,0.0,8.341262479873054e-14,0.0
diagonal,0.012115276586285882,0.31435841522536917,2.1441957191117725e-13,1.5752967761940355e-11,0.0,1.5751093806930897e-11,8.537736462515939e-07,1.5760729520193062e-11,8.537736462515939e-07,1.5739655115910047e-11,0.0,8.36393091768352e-14,8.537736462515939e-07
diagonal,0.01467799267622069,0.3775715804670633,2.1193965564054526e-13,1.5751396642485323e-11,0.0,1.5749476984047876e-11,0.0,1.5758970780209836e-11,0.0,1.5738313662874226e-11,0.0,8.242081227210865e-14,1.2074182697257333e-06
diagonal,0.01778279410038923,0.4516817962967669,2.08747050563434e-13,1.574988750855791e-11,8.537736462515939e-07,1.5748036298215414e-11,8.537736462515939e-07,1.5757261903761192e-11,1.2074182697257333e-06,1.5736868338619974e-11,8.537736462515939e-07,8.096459311962818e-14,0.0
diagonal,0.021544346900318832,0.537193737540649,2.016856581119278e-13,1.574827099745976e-11,0.0,1.5746509188486598e-11,0.0,1.5755360213769975e-11,1.2074182697257333e-06,1.5735772248202694e-11,1.2074182697257333e-06,7.934224015533178e-14,0.0
diagonal,0.026101572156825358,0.6335086479922118,1.9214101362330325e-13,1.5744612259095863e-11,8.537736462515939e-07,1.574295691895895e-11,0.0,1.5751350824445977e-11,0.0,1.5732530771210332e-11,0.0,7.535764398119885e-14,0.0
diagonal,0.03162277660168379,0.7380276841229838,1.8139945730428794e-13,1.5739287712183027e-11,0.0,1.5737601399385922e-11,0.0,1.574581691689917e-11,0.0,1.572796244252982e-11,0.0,7.036593718045693e-14,0.0
diagonal,0.03831186849557287,0.8449234103630922,1.6262078631233428e-13,1.5733200535237247e-11,0.0,1.573176228849116e-11,8.537736462515939e-07,1.5738913043586387e-11,0.0,1.5723203691333237e-11,0.0,6.404904777612476e-14,0.0
diagonal,0.046415888336127774,0.943820050412888,1.383371277437103e-13,1.5723734056873506e-11,0.0,1.5722616853387878e-11,0.0,1.5728741019226764e-11,8.537736462515939e-07,1.571513704436055e-11,0.0,5.4704010992246476e-14,8.537736462515939e-07
diagonal,0.05623413251903491,1.0192025354949497,1.0504814959095647e-13,1.5710838886641815e-11,0.0,1.570998466896641e-11,0.0,1.5714640385427957e-11,0.0,1.5704384748637502e-11,0.0,4.258585856590918e-14,0.0
diagonal,0.06812920690579612,1.052267434295715,6.438606022033185e-14,1.569358886898571e-11,0.0,1.569301175812292e-11,0.0,1.5695851573813485e-11,0.0,1.5689729110378873e-11,0.0,2.5707094478805492e-14,0.0
diagonal,0.08254041852680181,1.0273533152112968,2.5307602517135044e-14,1.5672729052177743e-11,0.0,1.567263791382289e-11,1.2074182697257333e-06,1.5672850308984797e-11,0.0,1.5672040989781335e-11,0.0,9.617903376436431e-15,0.0
diagonal,0.1,0.9427604636173561,4.93276590259486e-14,1.5654128961558052e-11,8.537736462515939e-07,1.5654449753240484e-11,0.0,1.5652341014312825e-11,0.0,1.5656621016712336e-11,0.0,1.8155373503144597e-14,0.0
diagonal,0.12115276586285877,0.8186493360239092,8.297974883237973e-14,1.5638963248548345e-11,0.0,1.5639619648447478e-11,0.0,1.5635768271600263e-11,0.0,1.5643664424071298e-11,0.0,3.2351270849446553e-14,0.0
diagonal,0.1467799267622069,0.6890685615198648,9.157341084743137e-14,1.5634756388910188e-11,0.0,1.5635626994427058e-11,0.0,1.563122193897745e-11,0.0,1.564015169733899e-11,0.0,3.6333135680439375e-14,0.0
diagonal,0.1778279410038923,0.5783324767400553,8.695765791654723e-14,1.5639219894869224e-11,0.0,1.5639763189117873e-11,0.0,1.563589725882814e-11,0.0,1.564410330036439e-11,0.0,3.278497123502006e-14,0.0
diagonal,0.21544346900318823,0.4875756670912336,8.43245897968003e-14,1.563760905864199e-11,8.537736462515939e-07,1.5638318295189087e-11,0.0,1.563451232743254e-11,0.0,1.564262719804201e-11,0.0,3.351293542509492e-14,0.0
diagonal,0.2610157215682536,0.4064885870833867,1.0144740106411193e-13,1.5630870205870133e-11,0.0,1.563172530074689e-11,0.0,1.5627146359713454e-11,0.0,1.5636915940455398e-11,1.2074182697257333e-06,4.01882386722156e-14,1.2074182697257333e-06
diagonal,0.31622776601683794,0.32935160615734144,1.275574535660941e-13,1.5620189939707968e-11,8.537736462515939e-07,1.562139932466511e-11,0.0,1.5615391297178447e-11,0.0,1.5628026102022576e-11,0.0,5.0581165343304575e-14,0.0
diagonal,0.3831186849557285,0.25907988057646564,1.468614425617678e-13,1.5613282538403495e-11,0.0,1.5614809581365274e-11,1.2074182697257333e-06,1.5607905543200746e-11,0.0,1.562228421706501e-11,1.2074182697257333e-06,5.757828834365755e-14,1.2074182697257333e-06
diagonal,0.46415888336127775,0.20165652690665187,1.3942317494755084e-13,1.5616743923071955e-11,1.2074182697257333e-06,1.5618109889307328e-11,0.0,1.5611488757048593e-11,0.0,1.5625232403167057e-11,0.0,5.445704705999646e-14,0.0
diagonal,0.5623413251903491,0.15867422600050005,1.2241143320177448e-13,1.5623747449832002e-11,0.0,1.5625188257534014e-11,0.0,1.5619501792373815e-11,8.537736462515939e-07,1.5631313587898206e-11,8.537736462515939e-07,4.8524397854953743e-14,0.0
diagonal,0.6812920690579608,0.12646283183671042,1.167427463102302e-13,1.562739735330587e-11,1.2074182697257333e-06,1.5628905875321028e-11,1.2074182697257333e-06,1.5623463603685457e-11,0.0,1.56346396790806e-11,0.0,4.501709468410022e-14,1.2074182697257333e-06
diagonal,0.8254041852680182,0.10053161859623444,1.2649361056663537e-13,1.5622394396289933e-11,0.0,1.562395776839167e-11,0.0,1.5617955445450178e-11,1.2074182697257333e-06,1.563049915648349e-11,0.0,4.979018016060931e-14,0.0
diagonal,1.0,0.07846826537673239,1.4928125962503835e-13,1.5614302979295993e-11,0.0,1.561611339029648e-11,8.537736462515939e-07,1.560897989166426e-11,8.537736462515939e-07,1.5623749488378555e-11,8.537736462515939e-07,5.692903717546032e-14,1.4787793334710982e-06
diagonal,1.2115276586285877,0.06006187329885724,1.5917977836819782e-13,1.5611073406886415e-11,0.0,1.561287111594913e-11,0.0,1.5605233654018833e-11,8.537736462515939e-07,1.5621017079754786e-11,8.537736462515939e-07,6.010222851759251e-14,1.2074182697257333e-06
diagonal,1.467799267622069,0.04587451504778034,1.4528301217004565e-13,1.5618738089468755e-11,0.0,1.5620585688582444e-11,0.0,1.5613603868059963e-11,0.0,1.5627610320067788e-11,0.0,5.3345146244107294e-14,0.0
diagonal,1.7782794100389228,0.035701667527066765,1.1794686199535947e-13,1.563641449357745e-11,0.0,1.5633130006902634e-11,0.0,1.5627843047718855e-11,0.0,1.5638565677288392e-11,0.0,3.851042187242951e-14,0.0
diagonal,2.154434690031882,0.028440213336533585,1.001280689418538e-13,1.6095382644278165e-11,8.537736462515939e-07,1.5642044112712746e-11,0.0,1.563786462232815e-11,0.0,1.564634973048976e-11,0.0,4.267762387286078e-13,0.0
diagonal,2.610157215682536,0.02287852820422476,1.0104932929141871e-13,3.4316385440664824e-11,0.0,1.5641900144619155e-11,1.2074182697257333e-06,1.563791152936922e-11,0.0,1.5646940975223537e-11,0.0,1.8695170291740735e-11,0.0
diagonal,3.1622776601683795,0.0181861854515284,1.240009252302267e-13,1.3137619322982524e-10,0.0,1.5629506243876986e-11,0.0,1.5624114829345247e-11,0.0,1.5636318449804798e-11,8.537736462515939e-07,1.1579191319258826e-10,0.0
diagonal,3.831186849557285,0.014037005504429193,1.6391644546492783e-13,6.552397547071621e-09,0.0,1.5613908124293583e-11,0.0,1.56064689860879e-11,0.0,1.5622436092289055e-11,0.0,6.567983089080759e-09,0.0
diagonal,4.6415888336127775,0.010510628699556691,1.910568040035122e-13,3.0060173595206444e-08,0.0,1.560406577940178e-11,1.2074182697257333e-06,1.559545389076674e-11,0.0,1.561334819372658e-11,0.0,3.004457254635905e-08,0.0
diagonal,5.623413251903491,0.007775565350383898,1.8411745048693518e-13,8.661722723886588e-09,0.0,1.5605275699196596e-11,0.0,1.5597596469478607e-11,0.0,1.5613518844205566e-11,0.0,8.677344848751459e-09,0.0
diagonal,6.812920690579608,0.005810171302983723,1.572855956078286e-13,3.1445936090984525e-09,0.0,1.5612418681879144e-11,0.0,1.560743922693554e-11,1.2074182697257333e-06,1.5619522304245077e-11,0.0,3.1600536207559484e-09,1.2074182697257333e-06
diagonal,8.254041852680182,0.00442323573742505,1.3558987715153303e-13,3.707987041064982e-06,1.9052738927482492e-05,1.5819678978090763e-11,0.0,1.561781483323376e-11,0.0,1.56266868700991e-11,0.0,3.708002647160184e-06,1.9071858590023166e-05
diagonal,10.0,0.003408537424544089,1.2974559134287335e-13,3.0198756340903337e-05,0.00016625145554039763,1.9639710113581414e-11,0.0,1.561791530901821e-11,0.0,1.5625295111187356e-11,0.0,3.0198740744453793e-05,0.00016625145554039763
diagonal,12.115276586285876,0.0026181759132394462,1.4285989612993928e-13,8.589750259836264e-05,0.00048717793573659757,1.2132091610081257e-10,0.0,1.5606458441391028e-11,0.0,1.5614497136895645e-11,8.537736462515939e-07,8.58975181921264e-05,0.00048717793573659757
diagonal,14.677992676220676,0.0019748046601264836,1.6646896441979058e-13,2.919269932338643e-05,0.00016035269240624562,2.7028906940445186e-09,0.0,1.558820148554889e-11,0.0,1.5596945267775315e-11,0.0,2.919271492093121e-05,0.0001603572381304009
diagonal,17.78279410038923,0.0014579317679165888,1.8042619164950733e-13,0.0004885673577303866,0.002481208556691776,2.7104647239663043e-08,0.0,1.5573348585894417e-11,0.0,1.558052695537035e-11,0.0,0.0004885673421303935,0.002481208556691776
diagonal,21.54434690031882,0.0010665565364017051,1.6741240973077674e-13,9.988104113771865e-05,0.0004690528603435501,1.1682232843037048e-07,0.0,1.5571331818059082e-11,1.2074182697257333e-06,1.5573092404365758e-11,0.0,9.988102552283165e-05,0.0004690528603435501
diagonal,26.10157215682533,0.0007857483013967997,1.4085132678741713e-13,0.0014668773253084953,0.006761805839070705,5.384734279231617e-07,2.561320938754782e-06,1.5574652037611884e-11,0.0,1.5572099048216507e-11,1.2074182697257333e-06,0.001466877340949872,0.006761805677369202
diagonal,31.622776601683793,0.0005861645928551423,1.208367271763118e-13,0.0017092887768425094,0.008194942825940028,3.3540001808693504e-06,1.6086328072527303e-05,1.5477880607663646e-11,0.0,1.5572418502898258e-11,8.537736462515939e-07,0.0017092887924837553,0.008194942870414373
diagonal,38.31186849557285,0.0004395362210309433,1.2029233759459848e-13,0.0005943504787098568,0.0029793464793489125,1.57073737926111e-05,7.869551775057868e-05,1.2264350203220173e-11,0.0,1.5566765552538682e-11,8.537736462515939e-07,0.0005943504631098578,0.0029793464793489125
diagonal,46.41588833612773,0.00032633288050794507,1.4706687672464074e-13,0.004326210712674782,0.021530576897180003,3.1520082470782505e-05,0.00015618924910555573,7.527343426818871e-11,0.0,1.5553952634302438e-11,0.0,0.004326210697131983,0.02153057693103555
diagonal,56.23413251903491,0.00023652280518549743,1.9715466138386818e-13,0.006201432421275041,0.027963072908010478,4.801442194599632e-05,0.00021515095885552804,1.351104182259156e-10,0.0,1.5538612869359436e-11,0.0,0.006201432405750898,0.027963072908010478
diagonal,68.12920690579608,0.00016676648002644104,2.523704902013205e-13,0.0028444670318703053,0.010434442930278256,0.00024790365609085146,0.0009070950238172329,1.2007948868124628e-08,8.537736462515939e-07,1.5528336272513363e-11,8.537736462515939e-07,0.0028444670162778205,0.010434442930278256
diagonal,82.54041852680173,0.0001153617248083618,2.9079394304877826e-13,0.004095175309258802,0.011188328845184005,0.0001806154512750913,0.0004955543776657425,9.192809821780763e-08,0.0,1.5522298061409395e-11,0.0,0.004095175324974216,0.011188328910334881
diagonal,100.0,7.911986781693192e-05,3.0937582927551267e-13,0.008870226616413578,0.01724589237750559,0.0008167460238960696,0.001600765024617572,5.067997263013287e-07,0.0,1.551032622197134e-11,0.0,0.00887022663221269,0.01724589237750559
diagonal,121.15276586285876,5.407896424377485e-05,3.084750608753733e-13,0.008597867140984794,0.011705147752018972,0.0013502774801733804,0.0018515793614066547,2.587411412583205e-06,3.306651113363206e-06,1.5483034630420968e-11,0.0,0.008597867156784463,0.011705147752018972
diagonal,146.77992676220674,3.69030114436156e-05,2.935481883369544e-13,0.004639563251050068,0.004389295321601944,3.234939296580709e-05,3.0747706945832334e-05,9.639392659675659e-06,9.155702348202485e-06,1.544513347074065e-11,8.537736462515939e-07,0.004639563266790189,0.004389295321601944
diagonal,177.82794100389228,2.5161413893018052e-05,2.6922125516426674e-13,4.795667065410573e-05,3.146245664610197e-05,0.0032329907908417235,0.0021207182276481783,1.1315846770646205e-05,7.393896667355496e-06,1.542161971415265e-11,0.0,4.795668632343689e-05,3.146245664610197e-05
diagonal,215.44346900318823,1.7148675312638037e-05,2.287676819417694e-13,0.00018613732430243642,8.185547876348469e-05,0.005793494531861974,0.002610639621066815,6.449590047876019e-05,2.8902476314888416e-05,1.59012222289828e-11,0.0,0.00018613730863641488,8.185547876348469e-05
diagonal,261.0157215682533,1.1685317053939332e-05,1.5636047557507975e-13,0.00704833330050927,0.0021444739333895376,0.003680921991477164,0.0011315660945012997,0.00017623484716021992,5.398388553315809e-05,3.208163034909466e-11,0.0,0.007048333316288694,0.0021444739333895376
diagonal,316.22776601683796,7.961772557034227e-06,5.762647723013973e-14,0.01693454957407288,0.0034813725712954224,0.002873378520425279,0.0005992013129351197,0.00027157800347712367,5.680643120811797e-05,2.2273483484163808e-10,0.0,0.016934549590007623,0.003481372361915516
diagonal,383.1186849557285,5.424502244270168e-06,1.9410636935155212e-14,0.01879395579663759,0.002630439471428534,0.00834932964257785,0.0011813808814023776,0.0005864174012695791,8.361752913841028e-05,3.068205549612197e-09,0.0,0.018793955812601508,0.002630439471428534
diagonal,464.1588833612773,3.6957369797637506e-06,4.185027613676006e-14,0.009381772388615425,0.0009055005118762203,0.008933197344301133,0.0008614508397835978,0.001369305618971399,0.0001330490564676893,2.7527592626754387e-09,1.2074182697257333e-06,0.009381772404432045,0.0009055001093752875
diagonal,562.341325190349,2.5178974225587777e-06,8.575231591520817e-14,0.005877371966453457,0.000393457210384708,0.005451899097616337,0.000359593810998432,0.00041241672061713083,2.7320756680051265e-05,7.131027906908343e-08,8.537736462515939e-07,0.005877371950876203,0.0003934562840701332
diagonal,681.2920690579608,1.7154302390547419e-06,2.932049138121872e-13,0.023021573247606925,0.0010663270545823915,0.0006490952957032643,2.929078267548911e-05,0.0025233723827147157,0.00011436424670580736,3.511847171562219e-07,0.0,0.023021573232298205,0.0010663270545823915
diagonal,825.4041852680173,1.1687111365398711e-06,7.455021400993101e-13,0.024403280625701566,0.0007658064058584837,0.0006680551865730009,2.049056751003836e-05,0.005552387073609436,0.0001719988409356488,5.018354886203773e-07,0.0,0.024403280610414774,0.0007658073577034676
diagonal,1000.0,7.962342992113442e-07,1.3423001752296522e-12,0.006178785840886591,0.00013231563500478767,0.005401850831736099,0.00011284355706235316,0.004561661325858906,9.618888381542567e-05,1.317617217548175e-05,0.0,0.006178785856652897,0.00013231288046626887
skew,0.001,0.024582947915611584,1.9574189460017303e-13,1.5743447536954144e-11,0.0,1.574172242757358e-11,1.2074182697257333e-06,1.5750412438215928e-11,0.0,1.5731261325307747e-11,0.0,7.410710275992834e-14,1.2074182697257333e-06
skew,0.001211527658628589,0.02978130672965521,1.9129229914546866e-13,1.574607475880058e-11,8.537736462515939e-07,1.5744327238746228e-11,8.537736462515939e-07,1.5752923979441484e-11,0.0,1.5733913900002243e-11,0.0,7.647810610690791e-14,8.537736462515939e-07
skew,0.0014677992676220691,0.0360780058476444,1.9185652376364965e-13,1.574550108799493e-11,0.0,1.5743772367141053e-11,0.0,1.5752409066272866e-11,0.0,1.573348289089737e-11,0.0,7.591810976062308e-14,0.0
skew,0.0017782794100389228,0.04370439721538501,1.9438759446596381e-13,1.5745013980920967e-11,0.0,1.5743265309318222e-11,0.0,1.575189438200298e-11,0.0,1.573288241106517e-11,8.537736462515939e-07,7.55045720253247e-14,0.0
skew,0.0021544346900318843,0.05294001005525056,1.9207591691742928e-13,1.5744978706050823e-11,8.537736462515939e-07,1.5743119365548354e-11,0.0,1.5751750777857535e-11,0.0,1.5732727387667918e-11,0.0,7.526354616326512e-14,0.0
skew,0.0026101572156825357,0.06412215117952462,1.9330501253524048e-13,1.574498957159382e-11,0.0,1.574317512183076e-11,1.2074182697257333e-06,1.575191051855954e-11,0.0,1.573284436654585e-11,0.0,7.537043921344651e-14,1.2074182697257333e-06
skew,0.0031622776601683794,0.07765707809998618,1.929890890069226e-13,1.5744628143186684e-11,0.0,1.5742905097081567e-11,0.0,1.5751671815865062e-11,0.0,1.5732555757963472e-11,0.0,7.492255462684586e-14,0.0
skew,0.003831186849557285,0.09403272387164492,1.9177326455265403e-13,1.5745676643577767e-11,0.0,1.5744075188830282e-11,0.0,1.5752757407026204e-11,0.0,1.5733463479936953e-11,0.0,7.59752615096811e-14,1.2074182697257333e-06
skew,0.004641588833612777,0.11383267708843409,1.93827508434094e-13,1.5744068604750787e-11,8.537736462515939e-07,1.5742379304386816e-11,0.0,1.575098158372878e-11,8.537736462515939e-07,1.57320277787416e-11,8.537736462515939e-07,7.454984453535793e-14,0.0
skew,0.005623413251903491,0.13775058249379518,1.9399245170515485e-13,1.5744471170865023e-11,0.0,1.574275895569754e-11,0.0,1.5751504294461883e-11,0.0,1.573249947891928e-11,1.2074182697257333e-06,7.50029046256239e-14,0.0
skew,0.006812920690579608,0.16660312373392236,1.902516974462049e-13,1.574439624447165e-11,0.0,1.5742588485765918e-11,0.0,1.5751212959619937e-11,0.0,1.5732319768239982e-11,0.0,7.476507715485461e-14,0.0
skew,0.008254041852680182,0.20133793522869017,1.9323593454432817e-13,1.574442073172654e-11,0.0,1.574264085492094e-11,1.2074182697257333e-06,1.5751178494154934e-11,0.0,1.573236879052039e-11,1.2074182697257333e-06,7.480890771917283e-14,0.0
skew,0.01,0.24302959989167247,1.8988791305625038e-13,1.574304936889034e-11,0.0,1.574124650852701e-11,0.0,1.5749834956170047e-11,0.0,1.5731060744721958e-11,0.0,7.346545304586601e-14,8.537736462515939e-07
skew,0.012115276586285882,0.2928514441112796,1.8955149683502115e-13,1.574234988574416e-11,0.0,1.5740968677539053e-11,0.0,1.5749430858094638e-11,0.0,1.5730833675893595e-11,0.0,7.299773554047528e-14,0.0
skew,0.01467799267622069,0.35200189670518295,1.8613902870197574e-13,1.5741919378222285e-11,8.537736462515939e-07,1.5740233863073583e-11,1.2074182697257333e-06,1.5748490213699718e-11,8.537736462515939e-07,1.5729998004999957e-11,0.0,7.235641010657287e-14,0.0
skew,0.01778279410038923,0.421550312872512,1.845018079801918e-13,1.5740310094217006e-11,0.0,1.57388125503022e-11,0.0,1.574699350429503e-11,0.0,1.5729022066716063e-11,0.0,7.071618870167265e-14,0.0
skew,0.021544346900318832,0.5021477415951311,1.8102022208430913e-13,1.57370713303447e-11,0.0,1.5735459940974128e-11,0.0,1.5743451233474414e-11,1.2074182697257333e-06,1.5725947791966345e-11,0.0,6.793383523024234e-14,0.0
skew,0.026101572156825358,0.5935263018839584,1.6887656880578087e-13,1.5736292284651597e-11,0.0,1.5734947309402452e-11,0.0,1.5742558032723477e-11,0.0,1.5725619179602723e-11,0.0,6.673109795756026e-14,0.0
skew,0.03162277660168379,0.6937012096591528,1.629011953604898e-13,1.5731047298089058e-11,0.0,1.5729540762941307e-11,0.0,1.5736743007101623e-11,0.0,1.5720885403863472e-11,0.0,6.171033986657535e-14,0.0
skew,0.03831186849557287,0.7978337455337632,1.4761215139738063e-13,1.572544634678795e-11,0.0,1.5724214141905068e-11,0.0,1.573071169238894e-11,0.0,1.5716279283537842e-11,0.0,5.612646153881536e-14,0.0
skew,0.046415888336127774,0.8969031946151739,1.2496828579514132e-13,1.5717579888722763e-11,8.537736462515939e-07,1.5716609458688987e-11,8.537736462515939e-07,1.5721910886851812e-11,0.0,1.5709786363423517e-11,0.0,4.830343130639093e-14,0.0
skew,0.05623413251903491,0.9768150056432918,9.875676453325147e-14,1.5707003982414433e-11,0.0,1.570610187251246e-11,8.537736462515939e-07,1.571046045995218e-11,0.0,1.5700993308131243e-11,8.537736462515939e-07,3.773658406764099e-14,0.0
skew,0.06812920690579612,1.0194105807931508,5.847669904763776e-14,1.5692526791845793e-11,1.2074182697257333e-06,1.5691961411430532e-11,0.0,1.5694457086259112e-11,0.0,1.5688943547927937e-11,1.2074182697257333e-06,2.361835991963668e-14,0.0
skew,0.08254041852680181,1.0075530723998727,1.8078050352898208e-14,1.5673468155211603e-11,0.0,1.5673389706785835e-11,0.0,1.5673734848821405e-11,1.2074182697257333e-06,1.5672566694419023e-11,0.0,7.355958214402041e-15,0.0
skew,0.1,0.9351697676930703,4.343205744597412e-14,1.5654487095145776e-11,0.0,1.5654992810967648e-11,0.0,1.5653082600887447e-11,8.537736462515939e-07,1.5656880396311756e-11,0.0,1.6134332943709267e-14,0.0
skew,0.12115276586285877,0.8171827284142471,8.151119636952996e-14,1.5638436045484716e-11,0.0,1.563902368202572e-11,0.0,1.5635264612426896e-11,0.0,1.564317869398961e-11,8.537736462515939e-07,3.1887740096651857e-14,0.0
skew,0.1467799267622069,0.6866258757587518,9.905822003216985e-14,1.563187977260363e-11,0.0,1.5632334018411533e-11,0.0,1.5628105293600534e-11,0.0,1.563760209443124e-11,0.0,3.8653487312335467e-14,0.0
skew,0.1778279410038923,0.5729837626204511,9.34620641148009e-14,1.5635209808084338e-11,0.0,1.563567917196739e-11,0.0,1.563144797242291e-11,0.0,1.5640551263727638e-11,0.0,3.559009857140927e-14,0.0
skew,0.21544346900318823,0.48259688135696294,8.408131325606141e-14,1.5637291380325936e-11,8.537736462515939e-07,1.563790116742426e-11,0.0,1.5633989984740936e-11,0.0,1.5642261448998803e-11,1.2074182697257333e-06,3.337373853570054e-14,8.537736462515939e-07
skew,0.2610157215682536,0.4049997775257885,9.509148157769178e-14,1.563216559947919e-11,0.0,1.563311621746824e-11,1.2074182697257333e-06,1.56286272623015e-11,0.0,1.563789597027674e-11,0.0,3.824011515470424e-14,0.0
skew,0.31622776601683794,0.33115912013035675,1.2197532535231094e-13,1.5622627604974805e-11,8.537736462515939e-07,1.5623850103153525e-11,0.0,1.561819783681417e-11,0.0,1.563033067474881e-11,0.0,4.7452104872199064e-14,0.0
skew,0.3831186849557285,0.2613931430209992,1.4483684459047572e-13,1.5614063593429257e-11,0.0,1.5615355318829708e-11,0.0,1.560853824744745e-11,0.0,1.5622936995363875e-11,1.2074182697257333e-06,5.630376656584441e-14,0.0
skew,0.46415888336127775,0.20209335494016578,1.4857696830938425e-13,1.561148664299938e-11,0.0,1.5613148495365384e-11,1.2074182697257333e-06,1.560596224356695e-11,0.0,1.562079276079085e-11,0.0,5.860276019441926e-14,0.0
skew,0.5623413251903491,0.15743526014214085,1.32406863796001e-13,1.5618334717128427e-11,0.0,1.561986193598395e-11,0.0,1.5613368219242122e-11,0.0,1.5626713771411425e-11,0.0,5.25655914667104e-14,0.0
skew,0.6812920690579608,0.12523585377303886,1.1425032080145947e-13,1.5625706769126274e-11,1.7075472925031877e-06,1.5627158305278107e-11,1.2074182697257333e-06,1.5621526076551438e-11,1.7075472925031877e-06,1.5633255966963764e-11,1.7075472925031877e-06,4.566849152286226e-14,1.2074182697257333e-06
skew,0.8254041852680182,0.10046321631801022,1.172112328835451e-13,1.5627694568644703e-11,1.2074182697257333e-06,1.562921560172708e-11,0.0,1.562356871002333e-11,1.2074182697257333e-06,1.5635071888721863e-11,1.2074182697257333e-06,4.3656252525506684e-14,0.0
skew,1.0,0.07947891100495022,1.3262867999500851e-13,1.5619136351568387e-11,8.537736462515939e-07,1.5620981256227338e-11,8.537736462515939e-07,1.561453571980703e-11,0.0,1.5627803020591615e-11,0.0,5.167834692921722e-14,8.537736462515939e-07
skew,1.2115276586285877,0.0611910614008275,1.5633208092625776e-13,1.561156178439287e-11,0.0,1.5613484967988663e-11,0.0,1.5605815066456472e-11,0.0,1.562143743468354e-11,0.0,5.89802168479058e-14,0.0
skew,1.467799267622069,0.04626243831572333,1.6147886289902908e-13,1.5612108975057584e-11,1.2074182697257333e-06,1.561401202419078e-11,0.0,1.5606122108733876e-11,0.0,1.562181206867949e-11,1.2074182697257333e-06,5.84581399943627e-14,1.2074182697257333e-06
skew,1.7782794100389228,0.035326883874892884,1.3821897566093357e-13,1.5626698183025455e-11,0.0,1.5623691095142577e-11,0.0,1.5616994615805095e-11,0.0,1.5630394678047344e-11,0.0,4.575450016825597e-14,0.0
skew,2.154434690031882,0.02783337404346869,1.088688407492547e-13,1.6090728068508358e-11,0.0,1.5636265124066622e-11,0.0,1.5631425823506955e-11,0.0,1.5641387906117266e-11,0.0,4.2165049715964415e-13,0.0
skew,2.610157215682536,0.022525242680487723,9.096604694526857e-14,3.4513246460527835e-11,0.0,1.564465277968662e-11,0.0,1.5641090426625554e-11,0.0,1.5649179981373738e-11,1.2074182697257333e-06,1.887324501261752e-11,0.0
skew,3.1622776601683795,0.018300553784387563,9.481038371957929e-14,1.3327060253923038e-10,0.0,1.5643145906922048e-11,8.537736462515939e-07,1.5639135787706547e-11,8.537736462515939e-07,1.5647851219844592e-11,0.0,1.1765720947490925e-10,0.0
skew,3.831186849557285,0.014523469259444923,1.2334289873997698e-13,6.307630860982993e-09,0.0,1.5630943380225072e-11,0.0,1.562561248302628e-11,0.0,1.5637134214090874e-11,0.0,6.323239689947586e-09,0.0
skew,4.6415888336127775,0.011058331924830925,1.6325504253499618e-13,2.8420143436992022e-08,1.2074182697257333e-06,1.5615331792025197e-11,0.0,1.5607984372257724e-11,0.0,1.562317331639799e-11,0.0,2.8404525049604664e-08,0.0
skew,5.623413251903491,0.008119873370454916,1.868966054883197e-13,7.891294872911214e-09,0.0,1.560341128229047e-11,1.2074182697257333e-06,1.5595314306156692e-11,1.7075472925031877e-06,1.5611881010017527e-11,0.0,7.906929180526812e-09,0.0
skew,6.812920690579608,0.005920772073353169,1.8058486299327286e-13,4.1018383202905186e-09,0.0,1.5605497281421284e-11,0.0,1.5599200679096688e-11,0.0,1.561361648321096e-11,0.0,4.117428010411186e-09,0.0
skew,8.254041852680182,0.004416324904779688,1.5127825605952403e-13,3.7108325909309934e-06,1.4614250772341616e-05,1.5814859006701186e-11,0.0,1.5611471842291652e-11,0.0,1.5621852102255896e-11,0.0,3.710848223462438e-06,1.4564287375591707e-05
skew,10.0,0.0033905418586533554,1.2495442807744074e-13,3.035269949918767e-05,0.00013146728083039002,1.967647528350514e-11,0.0,1.5619341513200876e-11,0.0,1.56263569642983e-11,0.0,3.0352683875062967e-05,0.00013146728083039002
skew,12.115276586285876,0.002640573769466088,1.1589448144041437e-13,8.516291168241964e-05,0.00040088923149730264,1.1996230569452547e-10,0.0,1.5619956240138013e-11,0.0,1.5625161000374723e-11,0.0,8.516292729983336e-05,0.00040088923149730264
skew,14.677992676220676,0.00203852876445436,1.2641340559820388e-13,2.827586144567679e-05,0.00013603430327957096,2.6176489438695867e-09,1.2074182697257333e-06,1.5606803513955407e-11,0.0,1.561147483958623e-11,0.0,2.8275877059969216e-05,0.00013603430327957096
skew,17.78279410038923,0.0015300642083653604,1.510898237833247e-13,0.00046552247352542656,0.002128266423048257,2.5822715459162585e-08,0.0,1.5587221287651835e-11,0.0,1.559172329426825e-11,0.0,0.0004655224579134645,0.002128266423048257
skew,21.54434690031882,0.001114620590170594,1.6747881960637933e-13,9.557297186052042e-05,0.0003936285410764045,1.1176644639924979e-07,0.0,1.557320678169906e-11,1.2074182697257333e-06,1.55756688628224e-11,0.0,9.557295623300265e-05,0.0003936303928926433
skew,26.10157215682533,0.0008045628271388344,1.545176532195152e-13,0.0014325618571327772,0.005445031643789978,5.258347685132618e-07,2.091309789151873e-06,1.5567812002854346e-11,8.537736462515939e-07,1.556746421450618e-11,0.0,0.0014325618727899145,0.005445031777660538
skew,31.622776601683793,0.0005901530027485978,1.2842386680446639e-13,0.0016977433694234214,0.006568992195490705,3.3312210679968628e-06,1.2919939687890481e-05,1.547522124834225e-11,8.537736462515939e-07,1.5570011871030017e-11,1.4787793334710982e-06,0.0016977433850834656,0.006568992195490705
skew,38.31186849557285,0.00044260955122237043,1.0488063856168819e-13,0.0005902386968389177,0.0024878407365985004,1.559811794580168e-05,6.570729843325874e-05,1.2290718740472692e-11,8.537736462515939e-07,1.5572708953943172e-11,8.537736462515939e-07,0.0005902386812211915,0.002487840883096909
skew,46.41588833612773,0.0003347116899345401,1.0573218405719945e-13,0.0042179040172804876,0.019025514337964792,3.073093100823738e-05,0.0001380290866014628,7.296515711512733e-11,8.537736462515939e-07,1.5571439202083828e-11,0.0,0.0042179040017253965,0.019025514337964792
skew,56.23413251903491,0.0002493843969132512,1.380579171197699e-13,0.005881577830376396,0.026177672505970594,4.553791592765616e-05,0.00020147791822031484,1.2733124893109196e-10,0.0,1.5563211826271022e-11,0.0,0.005881577814846029,0.026177672533816063
skew,68.12920690579608,0.00017938997937322595,2.009870740194549e-13,0.002644310031894622,0.010284969351142821,0.00023045853977816537,0.0008942385392195371,1.1163999808034779e-08,0.0,1.555067189593242e-11,0.0,0.0026443100163026905,0.010284969351142821
skew,82.54041852680173,0.00012402958226450219,2.6581489413312826e-13,0.0038089445861749015,0.011240892819182056,0.00016799283656931838,0.0004977427134684215,8.550203159312388e-08,0.0,1.55337421085644e-11,0.0,0.003808944601882803,0.011240892884028278
skew,100.0,8.368243549041977e-05,3.0118786208477324e-13,0.008386620100438818,0.01664111589149056,0.0007722144347281691,0.0015439400516561186,4.791668355438128e-07,0.0,1.551519311624156e-11,0.0,0.008386620116230092,0.01664111593529348
skew,121.15276586285876,5.618344799745619e-05,3.085530495092498e-13,0.008275802336689923,0.010494164578836996,0.0012996999504348815,0.0016595752192520242,2.490488937880713e-06,3.306651113363206e-06,1.5486385298922055e-11,8.537736462515939e-07,0.00827580235248544,0.010494164544106769
skew,146.77992676220674,3.784812474259999e-05,2.943141875846219e-13,0.004523700017588021,0.0036988491615359857,3.154224174133946e-05,2.5910307087143672e-05,9.398679638659172e-06,7.73124918760008e-06,1.5448986609282096e-11,0.0,0.004523700033326721,0.003698849063001358
skew,177.82794100389228,2.5587979670246972e-05,2.685611223607906e-13,4.723005412992485e-05,2.5441881649397974e-05,0.003179094936400853,0.0017141487163635795,1.1127205854770206e-05,5.853177225625916e-06,1.542436918936346e-11,0.0,4.723006979911425e-05,2.5441881649397974e-05
skew,215.44346900318823,1.7342598420026556e-05,2.3014036443186076e-13,0.00018405575115590869,6.453196018408404e-05,0.005728710600654257,0.0020534443632232143,6.377469477205917e-05,2.2765518468793922e-05,1.5898441267445606e-11,1.2074182697257333e-06,0.0001840557354896981,6.453196018408404e-05
skew,261.0157215682533,1.1773999384512209e-05,1.5784606856014991e-13,0.006995180272794151,0.0016568086411849151,0.0036531969144763757,0.0008742141865391956,0.00017490742103747336,4.171276268689978e-05,3.1957490921963676e-11,0.0,0.006995180288572819,0.0016568090811448022
skew,316.22776601683796,8.00250736546069e-06,5.829868945979672e-14,0.016848265043370086,0.002657908982791891,0.0028587495991510494,0.00045742432017485674,0.0002701955746172698,4.334951088338917e-05,2.2168053246303875e-10,0.0,0.016848265059303584,0.0026579092570410867
skew,383.1186849557285,5.443272877627849e-06,1.7607090204871358e-14,0.018729257941344515,0.001992191481938368,0.008320538548135165,0.000894655386079832,0.0005843951523038747,6.33233041156652e-05,3.0575700501157695e-09,0.0,0.018729257957307146,0.001992191481938368
skew,464.1588833612773,3.7044059848821575e-06,4.012253216786249e-14,0.009359836970800632,0.0006819925502564257,0.008912291934486855,0.0006488455030381478,0.0013661011989761238,0.00010020480538722857,2.7463480777877678e-09,0.0,0.009359836986616974,0.0006819925502564257
skew,562.341325190349,2.521907386397875e-06,8.438001795160924e-14,0.005868164784602867,0.0002952427781294639,0.005443228965217923,0.00026985730799324584,0.00041176093120597404,2.050834674766529e-05,7.119692713264663e-08,0.0,0.005868164769025033,0.0002952427781294639
skew,681.2920690579608,1.717287112995471e-06,2.919293899250345e-13,0.02299647644664391,0.000798187041339165,0.0006483978085816062,2.1900583802360337e-05,0.0025206439243339505,8.560331565195106e-05,3.5080499219460666e-07,0.0,0.022996476431334373,0.0007981874979547154
skew,825.4041852680173,1.1695716313859865e-06,7.451432904505428e-13,0.02438521174820912,0.0005724283299005085,0.0006675623321584264,1.5320420339170408e-05,0.005548301883165909,0.0001285432710180653,5.014661592632024e-07,0.0,0.02438521173292172,0.0005724302399952352
skew,1000.0,7.966332655336399e-07,1.3430542934961516e-12,0.006175453438814214,9.867274455074256e-05,0.005399141643735056,8.422986542857994e-05,0.004559376728493035,7.181347910500088e-05,1.3169573049036168e-05,0.0,0.006175453454580278,9.867274455074256e-05
